Used Scenario Location;D:\EvacuationSimulator\Escenarios\cafeteria_propuesta01.sd
Simulation Execution Start Time;2019-07-17 11:32:06

Agente;Edad;Entrenamiento;ConocimientoDelEspacio;TiempoDeSimulacion;SinMoverse;Evacuando;Evacuado;PosiciónX;PosiciónY;SalidaEscogida;DistanciaRecorrida;DistanciaPorRecorrer;FactorDeNerviosismo;VelocidadDeseada
Agent_0000;Adulto;Alto;Alto;.00;1;0;0;.24;2.43;Destination_00;.00;6.55;.00;.00
Agent_0001;Adulto;Alto;Alto;.00;1;0;0;2.82;-2.90;Destination_00;.00;4.21;.00;.00
Agent_0002;Adulto;Alto;Alto;.00;1;0;0;1.10;-.36;Destination_00;.00;4.88;.00;.00
Agent_0003;Adulto;Alto;Alto;.00;1;0;0;.83;3.63;Destination_00;.00;7.86;.00;.00
Agent_0004;Adulto;Alto;Alto;.00;1;0;0;-2.54;-1.37;Destination_00;.00;4.17;.00;.00
Agent_0005;Adulto;Alto;Alto;.00;1;0;0;3.66;.04;Destination_00;.00;7.45;.00;.00
Agent_0006;Adulto;Alto;Alto;.00;1;0;0;-1.74;3.06;Destination_00;.00;7.69;.00;.00
Agent_0007;Adulto;Bajo;Bajo;.00;1;0;0;2.32;-1.62;Destination_00;.00;3.57;.00;.00
Agent_0008;Adulto;Bajo;Bajo;.00;1;0;0;-4.14;-1.18;Destination_00;.00;5.73;.00;.00
Agent_0009;Adulto;Bajo;Bajo;.00;1;0;0;3.76;-1.68;Destination_00;.00;5.11;.00;.00
Agent_0010;Adulto;Bajo;Bajo;.00;1;0;0;-2.15;-.86;Destination_00;.00;4.44;.00;.00
Agent_0011;Adulto;Bajo;Bajo;.00;1;0;0;1.33;-1.66;Destination_00;.00;2.77;.00;.00
Agent_0012;Adulto;Bajo;Bajo;.00;1;0;0;-4.04;-2.87;Destination_00;.00;6.26;.00;.00
Agent_0013;Adulto;Bajo;Bajo;.00;1;0;0;-1.27;-.03;Destination_00;.00;7.08;.00;.00
Agent_0014;Adulto;Bajo;Bajo;.00;1;0;0;-4.07;-.59;Destination_00;.00;6.30;.00;.00
Agent_0015;Adulto;Bajo;Bajo;.00;1;0;0;-4.04;-1.94;Destination_00;.00;5.79;.00;.00
Agent_0016;Adulto;Bajo;Bajo;.00;1;0;0;-3.22;-2.79;Destination_00;.00;5.21;.00;.00
Agent_0017;Adulto;Bajo;Bajo;.00;1;0;0;2.11;-3.35;Destination_00;.00;4.79;.00;.00
Agent_0018;Adulto;Bajo;Bajo;.00;1;0;0;-3.30;.00;Destination_00;.00;5.83;.00;.00
Agent_0019;Adulto;Bajo;Bajo;.00;1;0;0;-1.38;-2.37;Destination_00;.00;3.72;.00;.00
Agent_0020;Adulto;Bajo;Bajo;.00;1;0;0;-2.99;3.30;Destination_00;.00;8.75;.00;.00
Agent_0021;Adulto;Bajo;Bajo;.00;1;0;0;2.16;-2.60;Destination_00;.00;3.79;.00;.00
Agent_0022;Adulto;Bajo;Bajo;.00;1;0;0;-3.25;1.19;Destination_00;.00;7.73;.00;.00
Agent_0023;Adulto;Bajo;Bajo;.00;1;0;0;3.11;-1.62;Destination_00;.00;4.94;.00;.00
Agent_0024;Adulto;Bajo;Bajo;.00;1;0;0;-2.71;.63;Destination_00;.00;6.35;.00;.00
Agent_0025;Adulto;Bajo;Bajo;.00;1;0;0;-1.22;-.93;Destination_00;.00;3.55;.00;.00
Agent_0026;Adulto;Bajo;Bajo;.00;1;0;0;-3.17;-1.86;Destination_00;.00;4.74;.00;.00
Agent_0027;Adulto;Bajo;Bajo;.00;1;0;0;-1.38;-3.31;Destination_00;.00;3.71;.00;.00
Agent_0028;Adulto;Bajo;Bajo;.00;1;0;0;-3.82;.63;Destination_00;.00;8.85;.00;.00
Agent_0029;Adulto;Bajo;Bajo;.00;1;0;0;-2.14;.01;Destination_00;.00;5.87;.00;.00
Agent_0030;Adulto;Bajo;Bajo;.00;1;0;0;4.01;-3.16;Destination_00;.00;5.48;.00;.00
Agent_0031;Adulto;Bajo;Bajo;.00;1;0;0;-2.33;-3.28;Destination_00;.00;7.56;.00;.00
Agent_0032;Adulto;Bajo;Bajo;.00;1;0;0;.67;-1.61;Destination_00;.00;2.58;.00;.00
Agent_0033;Adulto;Bajo;Bajo;.00;1;0;0;-2.29;-2.40;Destination_00;.00;4.25;.00;.00
Agent_0034;Adulto;Bajo;Bajo;.00;1;0;0;1.25;-3.47;Destination_00;.00;3.20;.00;.00
Agent_0035;Adulto;Bajo;Bajo;.00;1;0;0;4.01;-2.42;Destination_00;.00;5.11;.00;.00
Agent_0000;Adulto;Alto;Alto;1.01;1;0;0;.24;2.43;Destination_00;.00;6.55;.00;.00
Agent_0001;Adulto;Alto;Alto;1.01;1;0;0;2.82;-2.90;Destination_00;.00;4.21;.00;.00
Agent_0002;Adulto;Alto;Alto;1.01;1;0;0;1.10;-.36;Destination_00;.00;4.88;.00;.00
Agent_0003;Adulto;Alto;Alto;1.01;1;0;0;.83;3.63;Destination_00;.00;7.86;.00;.00
Agent_0004;Adulto;Alto;Alto;1.01;1;0;0;-2.54;-1.37;Destination_00;.00;4.17;.00;.00
Agent_0005;Adulto;Alto;Alto;1.01;1;0;0;3.66;.04;Destination_00;.00;7.45;.00;.00
Agent_0006;Adulto;Alto;Alto;1.01;1;0;0;-1.74;3.06;Destination_00;.00;7.69;.00;.00
Agent_0007;Adulto;Bajo;Bajo;1.01;1;0;0;2.32;-1.62;Destination_00;.00;3.57;.00;.00
Agent_0008;Adulto;Bajo;Bajo;1.01;1;0;0;-4.14;-1.18;Destination_00;.00;5.73;.00;.00
Agent_0009;Adulto;Bajo;Bajo;1.01;1;0;0;3.76;-1.68;Destination_00;.00;5.11;.00;.00
Agent_0010;Adulto;Bajo;Bajo;1.01;1;0;0;-2.15;-.86;Destination_00;.00;4.44;.00;.00
Agent_0011;Adulto;Bajo;Bajo;1.01;1;0;0;1.33;-1.66;Destination_00;.00;2.77;.00;.00
Agent_0012;Adulto;Bajo;Bajo;1.01;1;0;0;-4.04;-2.87;Destination_00;.00;6.26;.00;.00
Agent_0013;Adulto;Bajo;Bajo;1.01;1;0;0;-1.27;-.03;Destination_00;.00;7.08;.00;.00
Agent_0014;Adulto;Bajo;Bajo;1.01;1;0;0;-4.07;-.59;Destination_00;.00;6.30;.00;.00
Agent_0015;Adulto;Bajo;Bajo;1.01;1;0;0;-4.04;-1.94;Destination_00;.00;5.79;.00;.00
Agent_0016;Adulto;Bajo;Bajo;1.01;1;0;0;-3.22;-2.79;Destination_00;.00;5.21;.00;.00
Agent_0017;Adulto;Bajo;Bajo;1.01;1;0;0;2.11;-3.35;Destination_00;.00;4.79;.00;.00
Agent_0018;Adulto;Bajo;Bajo;1.01;1;0;0;-3.30;.00;Destination_00;.00;5.83;.00;.00
Agent_0019;Adulto;Bajo;Bajo;1.01;1;0;0;-1.38;-2.37;Destination_00;.00;3.72;.00;.00
Agent_0020;Adulto;Bajo;Bajo;1.01;1;0;0;-2.99;3.30;Destination_00;.00;8.75;.00;.00
Agent_0021;Adulto;Bajo;Bajo;1.01;1;0;0;2.16;-2.60;Destination_00;.00;3.79;.00;.00
Agent_0022;Adulto;Bajo;Bajo;1.01;1;0;0;-3.25;1.19;Destination_00;.00;7.73;.00;.00
Agent_0023;Adulto;Bajo;Bajo;1.01;1;0;0;3.11;-1.62;Destination_00;.00;4.94;.00;.00
Agent_0024;Adulto;Bajo;Bajo;1.01;1;0;0;-2.71;.63;Destination_00;.00;6.35;.00;.00
Agent_0025;Adulto;Bajo;Bajo;1.01;1;0;0;-1.22;-.93;Destination_00;.00;3.55;.00;.00
Agent_0026;Adulto;Bajo;Bajo;1.01;1;0;0;-3.17;-1.86;Destination_00;.00;4.74;.00;.00
Agent_0027;Adulto;Bajo;Bajo;1.01;1;0;0;-1.38;-3.31;Destination_00;.00;3.71;.00;.00
Agent_0028;Adulto;Bajo;Bajo;1.01;1;0;0;-3.82;.63;Destination_00;.00;8.85;.00;.00
Agent_0029;Adulto;Bajo;Bajo;1.01;1;0;0;-2.14;.01;Destination_00;.00;5.87;.00;.00
Agent_0030;Adulto;Bajo;Bajo;1.01;1;0;0;4.01;-3.16;Destination_00;.00;5.48;.00;.00
Agent_0031;Adulto;Bajo;Bajo;1.01;1;0;0;-2.33;-3.28;Destination_00;.00;7.56;.00;.00
Agent_0032;Adulto;Bajo;Bajo;1.01;1;0;0;.67;-1.61;Destination_00;.00;2.58;.00;.00
Agent_0033;Adulto;Bajo;Bajo;1.01;1;0;0;-2.29;-2.40;Destination_00;.00;4.25;.00;.00
Agent_0034;Adulto;Bajo;Bajo;1.01;1;0;0;1.25;-3.47;Destination_00;.00;3.20;.00;.00
Agent_0035;Adulto;Bajo;Bajo;1.01;1;0;0;4.01;-2.42;Destination_00;.00;5.11;.00;.00
Agent_0000;Adulto;Alto;Alto;2.02;1;0;0;.24;2.43;Destination_00;.00;6.55;.00;1.00
Agent_0001;Adulto;Alto;Alto;2.02;1;0;0;2.82;-2.90;Destination_00;.00;4.21;.00;1.00
Agent_0002;Adulto;Alto;Alto;2.02;1;0;0;1.10;-.36;Destination_00;.00;4.88;.00;1.00
Agent_0003;Adulto;Alto;Alto;2.02;1;0;0;.83;3.63;Destination_00;.00;7.86;.00;1.00
Agent_0004;Adulto;Alto;Alto;2.02;1;0;0;-2.54;-1.37;Destination_00;.00;4.17;.00;1.00
Agent_0005;Adulto;Alto;Alto;2.02;1;0;0;3.66;.04;Destination_00;.00;7.45;.00;1.00
Agent_0006;Adulto;Alto;Alto;2.02;1;0;0;-1.74;3.06;Destination_00;.00;7.69;.00;1.00
Agent_0007;Adulto;Bajo;Bajo;2.02;1;0;0;2.32;-1.62;Destination_00;.00;3.57;.00;1.00
Agent_0008;Adulto;Bajo;Bajo;2.02;1;0;0;-4.14;-1.18;Destination_00;.00;5.73;.00;1.00
Agent_0009;Adulto;Bajo;Bajo;2.02;1;0;0;3.76;-1.68;Destination_00;.00;5.11;.00;1.00
Agent_0010;Adulto;Bajo;Bajo;2.02;1;0;0;-2.15;-.86;Destination_00;.00;4.44;.00;1.00
Agent_0011;Adulto;Bajo;Bajo;2.02;1;0;0;1.33;-1.66;Destination_00;.00;2.77;.00;1.00
Agent_0012;Adulto;Bajo;Bajo;2.02;1;0;0;-4.04;-2.87;Destination_00;.00;6.26;.00;1.00
Agent_0013;Adulto;Bajo;Bajo;2.02;1;0;0;-1.27;-.03;Destination_00;.00;7.08;.00;1.00
Agent_0014;Adulto;Bajo;Bajo;2.02;1;0;0;-4.07;-.59;Destination_00;.00;6.30;.00;1.00
Agent_0015;Adulto;Bajo;Bajo;2.02;1;0;0;-4.04;-1.94;Destination_00;.00;5.79;.00;1.00
Agent_0016;Adulto;Bajo;Bajo;2.02;1;0;0;-3.22;-2.79;Destination_00;.00;5.21;.00;1.00
Agent_0017;Adulto;Bajo;Bajo;2.02;1;0;0;2.11;-3.35;Destination_00;.00;4.79;.00;1.00
Agent_0018;Adulto;Bajo;Bajo;2.02;1;0;0;-3.30;.00;Destination_00;.00;5.83;.00;1.00
Agent_0019;Adulto;Bajo;Bajo;2.02;1;0;0;-1.38;-2.37;Destination_00;.00;3.72;.00;1.00
Agent_0020;Adulto;Bajo;Bajo;2.02;1;0;0;-2.99;3.30;Destination_00;.00;8.75;.00;1.00
Agent_0021;Adulto;Bajo;Bajo;2.02;1;0;0;2.16;-2.60;Destination_00;.00;3.79;.00;1.00
Agent_0022;Adulto;Bajo;Bajo;2.02;1;0;0;-3.25;1.19;Destination_00;.00;7.73;.00;1.00
Agent_0023;Adulto;Bajo;Bajo;2.02;1;0;0;3.11;-1.62;Destination_00;.00;4.94;.00;1.00
Agent_0024;Adulto;Bajo;Bajo;2.02;1;0;0;-2.71;.63;Destination_00;.00;6.35;.00;1.00
Agent_0025;Adulto;Bajo;Bajo;2.02;1;0;0;-1.22;-.93;Destination_00;.00;3.55;.00;1.00
Agent_0026;Adulto;Bajo;Bajo;2.02;1;0;0;-3.17;-1.86;Destination_00;.00;4.74;.00;1.00
Agent_0027;Adulto;Bajo;Bajo;2.02;1;0;0;-1.38;-3.31;Destination_00;.00;3.71;.00;1.00
Agent_0028;Adulto;Bajo;Bajo;2.02;1;0;0;-3.82;.63;Destination_00;.00;8.85;.00;1.00
Agent_0029;Adulto;Bajo;Bajo;2.02;1;0;0;-2.14;.01;Destination_00;.00;5.87;.00;1.00
Agent_0030;Adulto;Bajo;Bajo;2.02;1;0;0;4.01;-3.16;Destination_00;.00;5.48;.00;1.00
Agent_0031;Adulto;Bajo;Bajo;2.02;1;0;0;-2.33;-3.28;Destination_00;.00;7.56;.00;1.00
Agent_0032;Adulto;Bajo;Bajo;2.02;1;0;0;.67;-1.61;Destination_00;.00;2.58;.00;1.00
Agent_0033;Adulto;Bajo;Bajo;2.02;1;0;0;-2.29;-2.40;Destination_00;.00;4.25;.00;1.00
Agent_0034;Adulto;Bajo;Bajo;2.02;1;0;0;1.25;-3.47;Destination_00;.00;3.20;.00;1.00
Agent_0035;Adulto;Bajo;Bajo;2.02;1;0;0;4.01;-2.42;Destination_00;.00;5.11;.00;1.00
Agent_0000;Adulto;Alto;Alto;3.03;1;0;0;.24;2.43;Destination_00;.00;6.55;.00;1.00
Agent_0001;Adulto;Alto;Alto;3.03;1;0;0;2.82;-2.90;Destination_00;.00;4.21;.00;1.00
Agent_0002;Adulto;Alto;Alto;3.03;1;0;0;1.10;-.36;Destination_00;.00;4.88;.00;1.00
Agent_0003;Adulto;Alto;Alto;3.03;1;0;0;.83;3.63;Destination_00;.00;7.86;.00;1.00
Agent_0004;Adulto;Alto;Alto;3.03;1;0;0;-2.54;-1.37;Destination_00;.00;4.17;.00;1.00
Agent_0005;Adulto;Alto;Alto;3.03;1;0;0;3.66;.04;Destination_00;.00;7.45;.00;1.00
Agent_0006;Adulto;Alto;Alto;3.03;1;0;0;-1.74;3.06;Destination_00;.00;7.69;.00;1.00
Agent_0007;Adulto;Bajo;Bajo;3.03;1;0;0;2.32;-1.62;Destination_00;.00;3.57;.00;1.00
Agent_0008;Adulto;Bajo;Bajo;3.03;1;0;0;-4.14;-1.18;Destination_00;.00;5.73;.00;1.00
Agent_0009;Adulto;Bajo;Bajo;3.03;1;0;0;3.76;-1.68;Destination_00;.00;5.11;.00;1.00
Agent_0010;Adulto;Bajo;Bajo;3.03;1;0;0;-2.15;-.86;Destination_00;.00;4.44;.00;1.00
Agent_0011;Adulto;Bajo;Bajo;3.03;1;0;0;1.33;-1.66;Destination_00;.00;2.77;.00;1.00
Agent_0012;Adulto;Bajo;Bajo;3.03;1;0;0;-4.04;-2.87;Destination_00;.00;6.26;.00;1.00
Agent_0013;Adulto;Bajo;Bajo;3.03;1;0;0;-1.27;-.03;Destination_00;.00;7.08;.00;1.00
Agent_0014;Adulto;Bajo;Bajo;3.03;1;0;0;-4.07;-.59;Destination_00;.00;6.30;.00;1.00
Agent_0015;Adulto;Bajo;Bajo;3.03;1;0;0;-4.04;-1.94;Destination_00;.00;5.79;.00;1.00
Agent_0016;Adulto;Bajo;Bajo;3.03;1;0;0;-3.22;-2.79;Destination_00;.00;5.21;.00;1.00
Agent_0017;Adulto;Bajo;Bajo;3.03;1;0;0;2.11;-3.35;Destination_00;.00;4.79;.00;1.00
Agent_0018;Adulto;Bajo;Bajo;3.03;1;0;0;-3.30;.00;Destination_00;.00;5.83;.00;1.00
Agent_0019;Adulto;Bajo;Bajo;3.03;1;0;0;-1.38;-2.37;Destination_00;.00;3.72;.00;1.00
Agent_0020;Adulto;Bajo;Bajo;3.03;1;0;0;-2.99;3.30;Destination_00;.00;8.75;.00;1.00
Agent_0021;Adulto;Bajo;Bajo;3.03;1;0;0;2.16;-2.60;Destination_00;.00;3.79;.00;1.00
Agent_0022;Adulto;Bajo;Bajo;3.03;1;0;0;-3.25;1.19;Destination_00;.00;7.73;.00;1.00
Agent_0023;Adulto;Bajo;Bajo;3.03;1;0;0;3.11;-1.62;Destination_00;.00;4.94;.00;1.00
Agent_0024;Adulto;Bajo;Bajo;3.03;1;0;0;-2.71;.63;Destination_00;.00;6.35;.00;1.00
Agent_0025;Adulto;Bajo;Bajo;3.03;1;0;0;-1.22;-.93;Destination_00;.00;3.55;.00;1.00
Agent_0026;Adulto;Bajo;Bajo;3.03;1;0;0;-3.17;-1.86;Destination_00;.00;4.74;.00;1.00
Agent_0027;Adulto;Bajo;Bajo;3.03;1;0;0;-1.38;-3.31;Destination_00;.00;3.71;.00;1.00
Agent_0028;Adulto;Bajo;Bajo;3.03;1;0;0;-3.82;.63;Destination_00;.00;8.85;.00;1.00
Agent_0029;Adulto;Bajo;Bajo;3.03;1;0;0;-2.14;.01;Destination_00;.00;5.87;.00;1.00
Agent_0030;Adulto;Bajo;Bajo;3.03;1;0;0;4.01;-3.16;Destination_00;.00;5.48;.00;1.00
Agent_0031;Adulto;Bajo;Bajo;3.03;1;0;0;-2.33;-3.28;Destination_00;.00;7.56;.00;1.00
Agent_0032;Adulto;Bajo;Bajo;3.03;1;0;0;.67;-1.61;Destination_00;.00;2.58;.00;1.00
Agent_0033;Adulto;Bajo;Bajo;3.03;1;0;0;-2.29;-2.40;Destination_00;.00;4.25;.00;1.00
Agent_0034;Adulto;Bajo;Bajo;3.03;1;0;0;1.25;-3.47;Destination_00;.00;3.20;.00;1.00
Agent_0035;Adulto;Bajo;Bajo;3.03;1;0;0;4.01;-2.42;Destination_00;.00;5.11;.00;1.00
Agent_0000;Adulto;Alto;Alto;4.04;1;0;0;.24;2.43;Destination_00;.00;6.55;.00;1.00
Agent_0001;Adulto;Alto;Alto;4.04;1;0;0;2.82;-2.90;Destination_00;.00;4.21;.00;1.00
Agent_0002;Adulto;Alto;Alto;4.04;1;0;0;1.10;-.36;Destination_00;.00;4.88;.00;1.00
Agent_0003;Adulto;Alto;Alto;4.04;1;0;0;.83;3.63;Destination_00;.00;7.86;.00;1.00
Agent_0004;Adulto;Alto;Alto;4.04;1;0;0;-2.54;-1.37;Destination_00;.00;4.17;.00;1.00
Agent_0005;Adulto;Alto;Alto;4.04;1;0;0;3.66;.04;Destination_00;.00;7.45;.00;1.00
Agent_0006;Adulto;Alto;Alto;4.04;1;0;0;-1.74;3.06;Destination_00;.00;7.69;.00;1.00
Agent_0007;Adulto;Bajo;Bajo;4.04;1;0;0;2.32;-1.62;Destination_00;.00;3.57;.00;1.00
Agent_0008;Adulto;Bajo;Bajo;4.04;1;0;0;-4.14;-1.18;Destination_00;.00;5.73;.00;1.00
Agent_0009;Adulto;Bajo;Bajo;4.04;1;0;0;3.76;-1.68;Destination_00;.00;5.11;.00;1.00
Agent_0010;Adulto;Bajo;Bajo;4.04;1;0;0;-2.15;-.86;Destination_00;.00;4.44;.00;1.00
Agent_0011;Adulto;Bajo;Bajo;4.04;1;0;0;1.33;-1.66;Destination_00;.00;2.77;.00;1.00
Agent_0012;Adulto;Bajo;Bajo;4.04;1;0;0;-4.04;-2.87;Destination_00;.00;6.26;.00;1.00
Agent_0013;Adulto;Bajo;Bajo;4.04;1;0;0;-1.27;-.03;Destination_00;.00;7.08;.00;1.00
Agent_0014;Adulto;Bajo;Bajo;4.04;1;0;0;-4.07;-.59;Destination_00;.00;6.30;.00;1.00
Agent_0015;Adulto;Bajo;Bajo;4.04;1;0;0;-4.04;-1.94;Destination_00;.00;5.79;.00;1.00
Agent_0016;Adulto;Bajo;Bajo;4.04;1;0;0;-3.22;-2.79;Destination_00;.00;5.21;.00;1.00
Agent_0017;Adulto;Bajo;Bajo;4.04;1;0;0;2.11;-3.35;Destination_00;.00;4.79;.00;1.00
Agent_0018;Adulto;Bajo;Bajo;4.04;1;0;0;-3.30;.00;Destination_00;.00;5.83;.00;1.00
Agent_0019;Adulto;Bajo;Bajo;4.04;1;0;0;-1.38;-2.37;Destination_00;.00;3.72;.00;1.00
Agent_0020;Adulto;Bajo;Bajo;4.04;1;0;0;-2.99;3.30;Destination_00;.00;8.75;.00;1.00
Agent_0021;Adulto;Bajo;Bajo;4.04;1;0;0;2.16;-2.60;Destination_00;.00;3.79;.00;1.00
Agent_0022;Adulto;Bajo;Bajo;4.04;1;0;0;-3.25;1.19;Destination_00;.00;7.73;.00;1.00
Agent_0023;Adulto;Bajo;Bajo;4.04;1;0;0;3.11;-1.62;Destination_00;.00;4.94;.00;1.00
Agent_0024;Adulto;Bajo;Bajo;4.04;1;0;0;-2.71;.63;Destination_00;.00;6.35;.00;1.00
Agent_0025;Adulto;Bajo;Bajo;4.04;1;0;0;-1.22;-.93;Destination_00;.00;3.55;.00;1.00
Agent_0026;Adulto;Bajo;Bajo;4.04;1;0;0;-3.17;-1.86;Destination_00;.00;4.74;.00;1.00
Agent_0027;Adulto;Bajo;Bajo;4.04;1;0;0;-1.38;-3.31;Destination_00;.00;3.71;.00;1.00
Agent_0028;Adulto;Bajo;Bajo;4.04;1;0;0;-3.82;.63;Destination_00;.00;8.85;.00;1.00
Agent_0029;Adulto;Bajo;Bajo;4.04;1;0;0;-2.14;.01;Destination_00;.00;5.87;.00;1.00
Agent_0030;Adulto;Bajo;Bajo;4.04;1;0;0;4.01;-3.16;Destination_00;.00;5.48;.00;1.00
Agent_0031;Adulto;Bajo;Bajo;4.04;1;0;0;-2.33;-3.28;Destination_00;.00;7.56;.00;1.00
Agent_0032;Adulto;Bajo;Bajo;4.04;1;0;0;.67;-1.61;Destination_00;.00;2.58;.00;1.00
Agent_0033;Adulto;Bajo;Bajo;4.04;1;0;0;-2.29;-2.40;Destination_00;.00;4.25;.00;1.00
Agent_0034;Adulto;Bajo;Bajo;4.04;1;0;0;1.25;-3.47;Destination_00;.00;3.20;.00;1.00
Agent_0035;Adulto;Bajo;Bajo;4.04;1;0;0;4.01;-2.42;Destination_00;.00;5.11;.00;1.00
Agent_0000;Adulto;Alto;Alto;5.05;1;0;0;.24;2.43;Destination_00;.00;6.55;.00;1.00
Agent_0001;Adulto;Alto;Alto;5.05;1;0;0;2.82;-2.90;Destination_00;.00;4.21;.00;1.00
Agent_0002;Adulto;Alto;Alto;5.05;1;0;0;1.10;-.36;Destination_00;.00;4.88;.00;1.00
Agent_0003;Adulto;Alto;Alto;5.05;1;0;0;.83;3.63;Destination_00;.00;7.86;.00;1.00
Agent_0004;Adulto;Alto;Alto;5.05;0;1;0;-1.95;-1.67;Destination_00;.65;3.52;.00;1.00
Agent_0005;Adulto;Alto;Alto;5.05;0;1;0;3.33;.00;Destination_00;.31;7.14;.00;1.00
Agent_0006;Adulto;Alto;Alto;5.05;1;0;0;-1.74;3.06;Destination_00;.00;7.69;.00;1.00
Agent_0007;Adulto;Bajo;Bajo;5.05;1;0;0;2.32;-1.62;Destination_00;.00;3.57;.00;1.00
Agent_0008;Adulto;Bajo;Bajo;5.05;1;0;0;-4.14;-1.18;Destination_00;.00;5.73;.00;1.00
Agent_0009;Adulto;Bajo;Bajo;5.05;1;0;0;3.76;-1.68;Destination_00;.00;5.11;.00;1.00
Agent_0010;Adulto;Bajo;Bajo;5.05;1;0;0;-2.15;-.86;Destination_00;.00;4.44;.00;1.00
Agent_0011;Adulto;Bajo;Bajo;5.05;1;0;0;1.33;-1.66;Destination_00;.00;2.77;.00;1.00
Agent_0012;Adulto;Bajo;Bajo;5.05;1;0;0;-4.04;-2.87;Destination_00;.00;6.26;.00;1.00
Agent_0013;Adulto;Bajo;Bajo;5.05;1;0;0;-1.27;-.03;Destination_00;.00;7.08;.00;1.00
Agent_0014;Adulto;Bajo;Bajo;5.05;1;0;0;-4.07;-.59;Destination_00;.00;6.30;.00;1.00
Agent_0015;Adulto;Bajo;Bajo;5.05;1;0;0;-4.04;-1.94;Destination_00;.00;5.79;.00;1.00
Agent_0016;Adulto;Bajo;Bajo;5.05;1;0;0;-3.22;-2.79;Destination_00;.00;5.21;.00;1.00
Agent_0017;Adulto;Bajo;Bajo;5.05;1;0;0;2.11;-3.35;Destination_00;.00;4.79;.00;1.00
Agent_0018;Adulto;Bajo;Bajo;5.05;1;0;0;-3.30;.00;Destination_00;.00;5.83;.00;1.00
Agent_0019;Adulto;Bajo;Bajo;5.05;1;0;0;-1.38;-2.37;Destination_00;.00;3.72;.00;1.00
Agent_0020;Adulto;Bajo;Bajo;5.05;1;0;0;-2.99;3.30;Destination_00;.00;8.75;.00;1.00
Agent_0021;Adulto;Bajo;Bajo;5.05;1;0;0;2.16;-2.60;Destination_00;.00;3.79;.00;1.00
Agent_0022;Adulto;Bajo;Bajo;5.05;1;0;0;-3.25;1.19;Destination_00;.00;7.73;.00;1.00
Agent_0023;Adulto;Bajo;Bajo;5.05;1;0;0;3.11;-1.62;Destination_00;.00;4.94;.00;1.00
Agent_0024;Adulto;Bajo;Bajo;5.05;1;0;0;-2.71;.63;Destination_00;.00;6.35;.00;1.00
Agent_0025;Adulto;Bajo;Bajo;5.05;1;0;0;-1.22;-.93;Destination_00;.00;3.55;.00;1.00
Agent_0026;Adulto;Bajo;Bajo;5.05;1;0;0;-3.17;-1.86;Destination_00;.00;4.74;.00;1.00
Agent_0027;Adulto;Bajo;Bajo;5.05;1;0;0;-1.38;-3.31;Destination_00;.00;3.71;.00;1.00
Agent_0028;Adulto;Bajo;Bajo;5.05;1;0;0;-3.82;.63;Destination_00;.00;8.85;.00;1.00
Agent_0029;Adulto;Bajo;Bajo;5.05;1;0;0;-2.14;.01;Destination_00;.00;5.87;.00;1.00
Agent_0030;Adulto;Bajo;Bajo;5.05;1;0;0;4.01;-3.16;Destination_00;.00;5.48;.00;1.00
Agent_0031;Adulto;Bajo;Bajo;5.05;1;0;0;-2.33;-3.28;Destination_00;.00;7.56;.00;1.00
Agent_0032;Adulto;Bajo;Bajo;5.05;1;0;0;.67;-1.61;Destination_00;.00;2.58;.00;1.00
Agent_0033;Adulto;Bajo;Bajo;5.05;1;0;0;-2.29;-2.40;Destination_00;.00;4.25;.00;1.00
Agent_0034;Adulto;Bajo;Bajo;5.05;1;0;0;1.25;-3.47;Destination_00;.00;3.20;.00;1.00
Agent_0035;Adulto;Bajo;Bajo;5.05;1;0;0;4.01;-2.42;Destination_00;.00;5.11;.00;1.00
Agent_0000;Adulto;Alto;Alto;6.07;1;0;0;.24;2.43;Destination_00;.00;6.55;.00;1.00
Agent_0001;Adulto;Alto;Alto;6.07;1;0;0;2.82;-2.90;Destination_00;.00;4.21;.00;1.00
Agent_0002;Adulto;Alto;Alto;6.07;1;0;0;1.10;-.36;Destination_00;.00;4.88;.00;1.00
Agent_0003;Adulto;Alto;Alto;6.07;1;0;0;.83;3.63;Destination_00;.00;7.86;.00;1.00
Agent_0004;Adulto;Alto;Alto;6.07;0;1;0;-1.06;-1.89;Destination_00;1.61;2.65;.00;1.00
Agent_0005;Adulto;Alto;Alto;6.07;0;1;0;2.32;-.12;Destination_00;1.33;6.13;.00;1.00
Agent_0006;Adulto;Alto;Alto;6.07;1;0;0;-1.74;3.06;Destination_00;.00;7.69;.00;1.00
Agent_0007;Adulto;Bajo;Bajo;6.07;1;0;0;2.32;-1.62;Destination_00;.00;3.57;.00;1.00
Agent_0008;Adulto;Bajo;Bajo;6.07;1;0;0;-4.14;-1.18;Destination_00;.00;5.73;.00;1.00
Agent_0009;Adulto;Bajo;Bajo;6.07;1;0;0;3.76;-1.68;Destination_00;.00;5.11;.00;1.00
Agent_0010;Adulto;Bajo;Bajo;6.07;1;0;0;-2.15;-.86;Destination_00;.00;4.44;.00;1.00
Agent_0011;Adulto;Bajo;Bajo;6.07;1;0;0;1.33;-1.66;Destination_00;.00;2.77;.00;1.00
Agent_0012;Adulto;Bajo;Bajo;6.07;1;0;0;-4.04;-2.87;Destination_00;.00;6.26;.00;1.00
Agent_0013;Adulto;Bajo;Bajo;6.07;1;0;0;-1.27;-.03;Destination_00;.00;7.08;.00;1.00
Agent_0014;Adulto;Bajo;Bajo;6.07;1;0;0;-4.07;-.59;Destination_00;.00;6.30;.00;1.00
Agent_0015;Adulto;Bajo;Bajo;6.07;1;0;0;-4.04;-1.94;Destination_00;.00;5.79;.00;1.00
Agent_0016;Adulto;Bajo;Bajo;6.07;1;0;0;-3.22;-2.79;Destination_00;.00;5.21;.00;1.00
Agent_0017;Adulto;Bajo;Bajo;6.07;1;0;0;2.11;-3.35;Destination_00;.00;4.79;.00;1.00
Agent_0018;Adulto;Bajo;Bajo;6.07;1;0;0;-3.30;.00;Destination_00;.00;5.83;.00;1.00
Agent_0019;Adulto;Bajo;Bajo;6.07;1;0;0;-1.25;-2.31;Destination_00;.18;3.63;.00;1.00
Agent_0020;Adulto;Bajo;Bajo;6.07;1;0;0;-2.99;3.30;Destination_00;.00;8.75;.00;1.00
Agent_0021;Adulto;Bajo;Bajo;6.07;1;0;0;2.16;-2.60;Destination_00;.00;3.79;.00;1.00
Agent_0022;Adulto;Bajo;Bajo;6.07;1;0;0;-3.25;1.19;Destination_00;.00;7.73;.00;1.00
Agent_0023;Adulto;Bajo;Bajo;6.07;1;0;0;3.11;-1.62;Destination_00;.00;4.94;.00;1.00
Agent_0024;Adulto;Bajo;Bajo;6.07;1;0;0;-2.71;.63;Destination_00;.00;6.35;.00;1.00
Agent_0025;Adulto;Bajo;Bajo;6.07;1;0;0;-1.22;-.93;Destination_00;.00;3.55;.00;1.00
Agent_0026;Adulto;Bajo;Bajo;6.07;1;0;0;-3.17;-1.86;Destination_00;.00;4.74;.00;1.00
Agent_0027;Adulto;Bajo;Bajo;6.07;1;0;0;-1.38;-3.31;Destination_00;.00;3.71;.00;1.00
Agent_0028;Adulto;Bajo;Bajo;6.07;1;0;0;-3.82;.63;Destination_00;.00;8.85;.00;1.00
Agent_0029;Adulto;Bajo;Bajo;6.07;1;0;0;-2.14;.01;Destination_00;.00;5.87;.00;1.00
Agent_0030;Adulto;Bajo;Bajo;6.07;1;0;0;4.01;-3.16;Destination_00;.00;5.48;.00;1.00
Agent_0031;Adulto;Bajo;Bajo;6.07;1;0;0;-2.33;-3.28;Destination_00;.00;7.56;.00;1.00
Agent_0032;Adulto;Bajo;Bajo;6.07;1;0;0;.67;-1.61;Destination_00;.00;2.58;.00;1.00
Agent_0033;Adulto;Bajo;Bajo;6.07;1;0;0;-2.29;-2.40;Destination_00;.00;4.25;.00;1.00
Agent_0034;Adulto;Bajo;Bajo;6.07;1;0;0;1.25;-3.47;Destination_00;.00;3.20;.00;1.00
Agent_0035;Adulto;Bajo;Bajo;6.07;1;0;0;4.01;-2.42;Destination_00;.00;5.11;.00;1.00
Agent_0000;Adulto;Alto;Alto;7.08;1;0;0;.24;2.43;Destination_00;.00;6.55;.00;1.00
Agent_0001;Adulto;Alto;Alto;7.08;1;0;0;2.82;-2.90;Destination_00;.00;4.21;.00;1.00
Agent_0002;Adulto;Alto;Alto;7.08;0;1;0;.72;-.37;Destination_00;.36;4.51;.00;1.00
Agent_0003;Adulto;Alto;Alto;7.08;0;1;0;.61;3.08;Destination_00;.58;7.28;.00;1.00
Agent_0004;Adulto;Alto;Alto;7.08;0;1;0;-.17;-2.51;Destination_00;2.71;1.58;.00;1.00
Agent_0005;Adulto;Alto;Alto;7.08;0;1;0;1.32;-.24;Destination_00;2.34;5.11;.00;1.00
Agent_0006;Adulto;Alto;Alto;7.08;0;1;0;-1.62;2.76;Destination_00;.30;7.39;.00;1.00
Agent_0007;Adulto;Bajo;Bajo;7.08;1;0;0;2.32;-1.62;Destination_00;.00;3.57;.00;1.00
Agent_0008;Adulto;Bajo;Bajo;7.08;1;0;0;-4.14;-1.18;Destination_00;.00;5.73;.00;1.00
Agent_0009;Adulto;Bajo;Bajo;7.08;1;0;0;3.76;-1.68;Destination_00;.00;5.11;.00;1.00
Agent_0010;Adulto;Bajo;Bajo;7.08;1;0;0;-2.15;-.86;Destination_00;.00;4.44;.00;1.00
Agent_0011;Adulto;Bajo;Bajo;7.08;1;0;0;1.33;-1.66;Destination_00;.00;2.77;.00;1.00
Agent_0012;Adulto;Bajo;Bajo;7.08;1;0;0;-4.04;-2.87;Destination_00;.00;6.26;.00;1.00
Agent_0013;Adulto;Bajo;Bajo;7.08;1;0;0;-1.27;-.03;Destination_00;.00;7.08;.00;1.00
Agent_0014;Adulto;Bajo;Bajo;7.08;1;0;0;-4.07;-.59;Destination_00;.00;6.30;.00;1.00
Agent_0015;Adulto;Bajo;Bajo;7.08;1;0;0;-4.04;-1.94;Destination_00;.00;5.79;.00;1.00
Agent_0016;Adulto;Bajo;Bajo;7.08;1;0;0;-3.22;-2.79;Destination_00;.00;5.21;.00;1.00
Agent_0017;Adulto;Bajo;Bajo;7.08;1;0;0;2.11;-3.35;Destination_00;.00;4.79;.00;1.00
Agent_0018;Adulto;Bajo;Bajo;7.08;1;0;0;-3.30;.00;Destination_00;.00;5.83;.00;1.00
Agent_0019;Adulto;Bajo;Bajo;7.08;1;0;0;-.66;-2.44;Destination_00;.90;2.03;.00;1.00
Agent_0020;Adulto;Bajo;Bajo;7.08;1;0;0;-2.99;3.30;Destination_00;.00;8.75;.00;1.00
Agent_0021;Adulto;Bajo;Bajo;7.08;1;0;0;2.16;-2.60;Destination_00;.00;3.79;.00;1.00
Agent_0022;Adulto;Bajo;Bajo;7.08;1;0;0;-3.25;1.19;Destination_00;.00;7.73;.00;1.00
Agent_0023;Adulto;Bajo;Bajo;7.08;1;0;0;3.11;-1.62;Destination_00;.00;4.94;.00;1.00
Agent_0024;Adulto;Bajo;Bajo;7.08;1;0;0;-2.71;.63;Destination_00;.00;6.35;.00;1.00
Agent_0025;Adulto;Bajo;Bajo;7.08;1;0;0;-1.22;-.93;Destination_00;.00;3.55;.00;1.00
Agent_0026;Adulto;Bajo;Bajo;7.08;1;0;0;-3.17;-1.86;Destination_00;.00;4.74;.00;1.00
Agent_0027;Adulto;Bajo;Bajo;7.08;1;0;0;-1.38;-3.31;Destination_00;.00;3.71;.00;1.00
Agent_0028;Adulto;Bajo;Bajo;7.08;1;0;0;-3.82;.63;Destination_00;.00;8.85;.00;1.00
Agent_0029;Adulto;Bajo;Bajo;7.08;1;0;0;-2.14;.01;Destination_00;.00;5.87;.00;1.00
Agent_0030;Adulto;Bajo;Bajo;7.08;1;0;0;4.01;-3.16;Destination_00;.00;5.48;.00;1.00
Agent_0031;Adulto;Bajo;Bajo;7.08;1;0;0;-2.33;-3.28;Destination_00;.00;7.56;.00;1.00
Agent_0032;Adulto;Bajo;Bajo;7.08;1;0;0;.67;-1.61;Destination_00;.00;2.58;.00;1.00
Agent_0033;Adulto;Bajo;Bajo;7.08;1;0;0;-2.29;-2.40;Destination_00;.00;4.25;.00;1.00
Agent_0034;Adulto;Bajo;Bajo;7.08;1;0;0;1.25;-3.47;Destination_00;.00;3.20;.00;1.00
Agent_0035;Adulto;Bajo;Bajo;7.08;1;0;0;4.01;-2.42;Destination_00;.00;5.11;.00;1.00
Agent_0000;Adulto;Alto;Alto;8.09;1;0;0;.07;1.72;Destination_00;.72;5.83;.00;1.00
Agent_0001;Adulto;Alto;Alto;8.09;1;0;0;2.82;-2.90;Destination_00;.00;4.21;.00;1.00
Agent_0002;Adulto;Alto;Alto;8.09;0;1;0;-.15;-.50;Destination_00;1.27;3.59;.00;1.00
Agent_0003;Adulto;Alto;Alto;8.09;0;1;0;.26;2.18;Destination_00;1.54;6.32;.00;1.00
Agent_0004;Adulto;Alto;Alto;8.09;0;1;0;.08;-3.52;Destination_00;3.76;.53;.00;1.00
Agent_0005;Adulto;Alto;Alto;8.09;0;1;0;.32;-.37;Destination_00;3.35;4.10;.00;1.00
Agent_0006;Adulto;Alto;Alto;8.09;0;1;0;-1.24;1.84;Destination_00;1.31;6.37;.00;1.00
Agent_0007;Adulto;Bajo;Bajo;8.09;1;0;0;2.32;-1.62;Destination_00;.00;3.57;.00;1.00
Agent_0008;Adulto;Bajo;Bajo;8.09;1;0;0;-4.14;-1.18;Destination_00;.00;5.73;.00;1.00
Agent_0009;Adulto;Bajo;Bajo;8.09;1;0;0;3.76;-1.68;Destination_00;.00;5.11;.00;1.00
Agent_0010;Adulto;Bajo;Bajo;8.09;1;0;0;-2.15;-.86;Destination_00;.00;4.44;.00;1.00
Agent_0011;Adulto;Bajo;Bajo;8.09;1;0;0;1.33;-1.66;Destination_00;.00;2.77;.00;1.00
Agent_0012;Adulto;Bajo;Bajo;8.09;1;0;0;-4.04;-2.87;Destination_00;.00;6.26;.00;1.00
Agent_0013;Adulto;Bajo;Bajo;8.09;1;0;0;-1.27;-.03;Destination_00;.00;7.08;.00;1.00
Agent_0014;Adulto;Bajo;Bajo;8.09;1;0;0;-4.07;-.59;Destination_00;.00;6.30;.00;1.00
Agent_0015;Adulto;Bajo;Bajo;8.09;1;0;0;-4.04;-1.94;Destination_00;.00;5.79;.00;1.00
Agent_0016;Adulto;Bajo;Bajo;8.09;1;0;0;-3.22;-2.79;Destination_00;.00;5.21;.00;1.00
Agent_0017;Adulto;Bajo;Bajo;8.09;1;0;0;2.11;-3.35;Destination_00;.00;4.79;.00;1.00
Agent_0018;Adulto;Bajo;Bajo;8.09;1;0;0;-3.30;.00;Destination_00;.00;5.83;.00;1.00
Agent_0019;Adulto;Bajo;Bajo;8.09;1;0;0;-.03;-2.98;Destination_00;1.85;1.08;.00;1.00
Agent_0020;Adulto;Bajo;Bajo;8.09;1;0;0;-2.99;3.30;Destination_00;.00;8.75;.00;1.00
Agent_0021;Adulto;Bajo;Bajo;8.09;1;0;0;2.16;-2.60;Destination_00;.00;3.79;.00;1.00
Agent_0022;Adulto;Bajo;Bajo;8.09;1;0;0;-3.25;1.19;Destination_00;.00;7.73;.00;1.00
Agent_0023;Adulto;Bajo;Bajo;8.09;1;0;0;3.11;-1.62;Destination_00;.00;4.94;.00;1.00
Agent_0024;Adulto;Bajo;Bajo;8.09;1;0;0;-2.71;.63;Destination_00;.00;6.35;.00;1.00
Agent_0025;Adulto;Bajo;Bajo;8.09;1;0;0;-1.22;-.93;Destination_00;.00;3.55;.00;1.00
Agent_0026;Adulto;Bajo;Bajo;8.09;1;0;0;-3.17;-1.86;Destination_00;.00;4.74;.00;1.00
Agent_0027;Adulto;Bajo;Bajo;8.09;1;0;0;-1.38;-3.31;Destination_00;.00;3.71;.00;1.00
Agent_0028;Adulto;Bajo;Bajo;8.09;1;0;0;-3.82;.63;Destination_00;.00;8.85;.00;1.00
Agent_0029;Adulto;Bajo;Bajo;8.09;1;0;0;-2.14;.01;Destination_00;.00;5.87;.00;1.00
Agent_0030;Adulto;Bajo;Bajo;8.09;1;0;0;4.01;-3.16;Destination_00;.00;5.48;.00;1.00
Agent_0031;Adulto;Bajo;Bajo;8.09;1;0;0;-2.33;-3.28;Destination_00;.00;7.56;.00;1.00
Agent_0032;Adulto;Bajo;Bajo;8.09;1;0;0;.67;-1.61;Destination_00;.00;2.58;.00;1.00
Agent_0033;Adulto;Bajo;Bajo;8.09;1;0;0;-2.29;-2.40;Destination_00;.00;4.25;.00;1.00
Agent_0034;Adulto;Bajo;Bajo;8.09;1;0;0;1.25;-3.47;Destination_00;.00;3.20;.00;1.00
Agent_0035;Adulto;Bajo;Bajo;8.09;1;0;0;4.01;-2.42;Destination_00;.00;5.11;.00;1.00
Agent_0004;Adulto;Alto;Alto;8.09;0;0;1;.10;-3.60;Destination_00;3.85;.45;.00;1.00
Agent_0019;Adulto;Bajo;Bajo;8.09;0;0;1;.09;-3.62;Destination_00;2.50;.43;.00;1.00
Agent_0000;Adulto;Alto;Alto;9.10;1;0;0;-.12;.73;Destination_00;1.74;4.81;.00;1.00
Agent_0001;Adulto;Alto;Alto;9.10;1;0;0;2.82;-2.90;Destination_00;.00;4.21;.00;1.00
Agent_0002;Adulto;Alto;Alto;9.10;0;1;0;-.18;-1.30;Destination_00;2.11;2.76;.00;1.00
Agent_0003;Adulto;Alto;Alto;9.10;0;1;0;-.05;1.34;Destination_00;2.45;5.42;.00;1.00
Agent_0005;Adulto;Alto;Alto;9.10;0;1;0;-.23;-.76;Destination_00;4.13;3.30;.00;1.00
Agent_0006;Adulto;Alto;Alto;9.10;0;1;0;-.47;1.29;Destination_00;2.29;5.39;.00;1.00
Agent_0007;Adulto;Bajo;Bajo;9.10;1;0;0;2.32;-1.62;Destination_00;.00;3.57;.00;1.00
Agent_0008;Adulto;Bajo;Bajo;9.10;1;0;0;-4.14;-1.18;Destination_00;.00;5.73;.00;1.00
Agent_0009;Adulto;Bajo;Bajo;9.10;1;0;0;3.76;-1.68;Destination_00;.00;5.11;.00;1.00
Agent_0010;Adulto;Bajo;Bajo;9.10;1;0;0;-2.15;-.86;Destination_00;.00;4.44;.00;1.00
Agent_0011;Adulto;Bajo;Bajo;9.10;1;0;0;1.33;-1.66;Destination_00;.00;2.77;.00;1.00
Agent_0012;Adulto;Bajo;Bajo;9.10;1;0;0;-4.04;-2.87;Destination_00;.00;6.26;.00;1.00
Agent_0013;Adulto;Bajo;Bajo;9.10;1;0;0;-1.27;-.03;Destination_00;.00;7.08;.00;1.00
Agent_0014;Adulto;Bajo;Bajo;9.10;1;0;0;-4.07;-.59;Destination_00;.00;6.30;.00;1.00
Agent_0015;Adulto;Bajo;Bajo;9.10;1;0;0;-4.04;-1.94;Destination_00;.00;5.79;.00;1.00
Agent_0016;Adulto;Bajo;Bajo;9.10;1;0;0;-3.22;-2.79;Destination_00;.00;5.21;.00;1.00
Agent_0017;Adulto;Bajo;Bajo;9.10;1;0;0;2.11;-3.35;Destination_00;.00;4.79;.00;1.00
Agent_0018;Adulto;Bajo;Bajo;9.10;1;0;0;-3.30;.00;Destination_00;.00;5.83;.00;1.00
Agent_0020;Adulto;Bajo;Bajo;9.10;1;0;0;-2.99;3.30;Destination_00;.00;8.75;.00;1.00
Agent_0021;Adulto;Bajo;Bajo;9.10;1;0;0;2.16;-2.60;Destination_00;.00;3.79;.00;1.00
Agent_0022;Adulto;Bajo;Bajo;9.10;1;0;0;-3.25;1.19;Destination_00;.00;7.73;.00;1.00
Agent_0023;Adulto;Bajo;Bajo;9.10;1;0;0;3.11;-1.62;Destination_00;.00;4.94;.00;1.00
Agent_0024;Adulto;Bajo;Bajo;9.10;1;0;0;-2.71;.63;Destination_00;.00;6.35;.00;1.00
Agent_0025;Adulto;Bajo;Bajo;9.10;1;0;0;-1.22;-.93;Destination_00;.00;3.55;.00;1.00
Agent_0026;Adulto;Bajo;Bajo;9.10;1;0;0;-3.17;-1.86;Destination_00;.00;4.74;.00;1.00
Agent_0027;Adulto;Bajo;Bajo;9.10;1;0;0;-1.38;-3.31;Destination_00;.00;3.71;.00;1.00
Agent_0028;Adulto;Bajo;Bajo;9.10;1;0;0;-3.82;.63;Destination_00;.00;8.85;.00;1.00
Agent_0029;Adulto;Bajo;Bajo;9.10;1;0;0;-2.14;.01;Destination_00;.00;5.87;.00;1.00
Agent_0030;Adulto;Bajo;Bajo;9.10;1;0;0;4.01;-3.16;Destination_00;.00;5.48;.00;1.00
Agent_0031;Adulto;Bajo;Bajo;9.10;1;0;0;-2.33;-3.28;Destination_00;.00;7.56;.00;1.00
Agent_0032;Adulto;Bajo;Bajo;9.10;1;0;0;.67;-1.61;Destination_00;.00;2.58;.00;1.00
Agent_0033;Adulto;Bajo;Bajo;9.10;1;0;0;-2.29;-2.40;Destination_00;.00;4.25;.00;1.00
Agent_0034;Adulto;Bajo;Bajo;9.10;1;0;0;1.25;-3.47;Destination_00;.00;3.20;.00;1.00
Agent_0035;Adulto;Bajo;Bajo;9.10;1;0;0;4.01;-2.42;Destination_00;.00;5.11;.00;1.00
Agent_0000;Adulto;Alto;Alto;10.12;0;1;0;-.21;-.28;Destination_00;2.75;3.79;.00;1.00
Agent_0001;Adulto;Alto;Alto;10.12;0;1;0;2.75;-2.82;Destination_00;.10;4.11;.00;1.00
Agent_0002;Adulto;Alto;Alto;10.12;0;1;0;-.06;-2.24;Destination_00;3.05;1.82;.00;1.00
Agent_0003;Adulto;Alto;Alto;10.12;0;1;0;-.04;.78;Destination_00;3.04;4.85;.00;1.00
Agent_0005;Adulto;Alto;Alto;10.12;0;1;0;-.14;-1.46;Destination_00;4.84;2.59;.00;1.00
Agent_0006;Adulto;Alto;Alto;10.12;0;1;0;-.20;.32;Destination_00;3.35;4.37;.00;1.00
Agent_0007;Adulto;Bajo;Bajo;10.12;1;0;0;2.32;-1.62;Destination_00;.00;3.57;.00;1.00
Agent_0008;Adulto;Bajo;Bajo;10.12;1;0;0;-4.14;-1.18;Destination_00;.00;5.73;.00;1.00
Agent_0009;Adulto;Bajo;Bajo;10.12;1;0;0;3.76;-1.68;Destination_00;.00;5.11;.00;1.00
Agent_0010;Adulto;Bajo;Bajo;10.12;1;0;0;-2.15;-.86;Destination_00;.00;4.44;.00;1.00
Agent_0011;Adulto;Bajo;Bajo;10.12;1;0;0;1.33;-1.66;Destination_00;.00;2.77;.00;1.00
Agent_0012;Adulto;Bajo;Bajo;10.12;1;0;0;-4.04;-2.87;Destination_00;.00;6.26;.00;1.00
Agent_0013;Adulto;Bajo;Bajo;10.12;1;0;0;-1.27;-.03;Destination_00;.00;7.08;.00;1.00
Agent_0014;Adulto;Bajo;Bajo;10.12;1;0;0;-4.07;-.59;Destination_00;.00;6.30;.00;1.00
Agent_0015;Adulto;Bajo;Bajo;10.12;1;0;0;-4.04;-1.94;Destination_00;.00;5.79;.00;1.00
Agent_0016;Adulto;Bajo;Bajo;10.12;1;0;0;-3.22;-2.79;Destination_00;.00;5.21;.00;1.00
Agent_0017;Adulto;Bajo;Bajo;10.12;1;0;0;2.11;-3.35;Destination_00;.00;4.79;.00;1.00
Agent_0018;Adulto;Bajo;Bajo;10.12;1;0;0;-3.30;.00;Destination_00;.00;5.83;.00;1.00
Agent_0020;Adulto;Bajo;Bajo;10.12;1;0;0;-2.99;3.30;Destination_00;.00;8.75;.00;1.00
Agent_0021;Adulto;Bajo;Bajo;10.12;1;0;0;2.16;-2.60;Destination_00;.00;3.79;.00;1.00
Agent_0022;Adulto;Bajo;Bajo;10.12;1;0;0;-3.25;1.19;Destination_00;.00;7.73;.00;1.00
Agent_0023;Adulto;Bajo;Bajo;10.12;1;0;0;3.11;-1.62;Destination_00;.00;4.94;.00;1.00
Agent_0024;Adulto;Bajo;Bajo;10.12;1;0;0;-2.71;.63;Destination_00;.00;6.35;.00;1.00
Agent_0025;Adulto;Bajo;Bajo;10.12;1;0;0;-1.22;-.93;Destination_00;.00;3.55;.00;1.00
Agent_0026;Adulto;Bajo;Bajo;10.12;1;0;0;-3.17;-1.86;Destination_00;.00;4.74;.00;1.00
Agent_0027;Adulto;Bajo;Bajo;10.12;1;0;0;-1.38;-3.31;Destination_00;.00;3.71;.00;1.00
Agent_0028;Adulto;Bajo;Bajo;10.12;1;0;0;-3.82;.63;Destination_00;.00;8.85;.00;1.00
Agent_0029;Adulto;Bajo;Bajo;10.12;1;0;0;-2.14;.01;Destination_00;.00;5.87;.00;1.00
Agent_0030;Adulto;Bajo;Bajo;10.12;1;0;0;4.01;-3.16;Destination_00;.00;5.48;.00;1.00
Agent_0031;Adulto;Bajo;Bajo;10.12;1;0;0;-2.33;-3.28;Destination_00;.00;7.56;.00;1.00
Agent_0032;Adulto;Bajo;Bajo;10.12;1;0;0;.67;-1.61;Destination_00;.00;2.58;.00;1.00
Agent_0033;Adulto;Bajo;Bajo;10.12;1;0;0;-2.29;-2.40;Destination_00;.00;4.25;.00;1.00
Agent_0034;Adulto;Bajo;Bajo;10.12;1;0;0;1.25;-3.47;Destination_00;.00;3.20;.00;1.00
Agent_0035;Adulto;Bajo;Bajo;10.12;1;0;0;4.01;-2.42;Destination_00;.00;5.11;.00;1.00
Agent_0000;Adulto;Alto;Alto;11.13;0;1;0;-.19;-1.14;Destination_00;3.63;2.92;.00;1.00
Agent_0001;Adulto;Alto;Alto;11.13;0;1;0;2.26;-2.45;Destination_00;.82;3.49;.00;1.00
Agent_0002;Adulto;Alto;Alto;11.13;0;1;0;.07;-3.24;Destination_00;4.06;.81;.00;1.00
Agent_0003;Adulto;Alto;Alto;11.13;0;1;0;-.14;-.01;Destination_00;3.84;4.07;.00;1.00
Agent_0005;Adulto;Alto;Alto;11.13;0;1;0;-.02;-2.46;Destination_00;5.84;1.60;.00;1.00
Agent_0006;Adulto;Alto;Alto;11.13;0;1;0;-.09;-.62;Destination_00;4.31;3.43;.00;1.00
Agent_0007;Adulto;Bajo;Bajo;11.13;1;0;0;2.32;-1.62;Destination_00;.00;3.57;.00;1.00
Agent_0008;Adulto;Bajo;Bajo;11.13;1;0;0;-4.14;-1.18;Destination_00;.00;5.73;.00;1.00
Agent_0009;Adulto;Bajo;Bajo;11.13;1;0;0;3.76;-1.68;Destination_00;.00;5.11;.00;1.00
Agent_0010;Adulto;Bajo;Bajo;11.13;1;0;0;-2.15;-.86;Destination_00;.00;4.44;.00;1.00
Agent_0011;Adulto;Bajo;Bajo;11.13;1;0;0;1.33;-1.66;Destination_00;.00;2.77;.00;1.00
Agent_0012;Adulto;Bajo;Bajo;11.13;1;0;0;-4.04;-2.87;Destination_00;.00;6.26;.00;1.00
Agent_0013;Adulto;Bajo;Bajo;11.13;1;0;0;-1.27;-.03;Destination_00;.00;7.08;.00;1.00
Agent_0014;Adulto;Bajo;Bajo;11.13;1;0;0;-4.07;-.59;Destination_00;.00;6.30;.00;1.00
Agent_0015;Adulto;Bajo;Bajo;11.13;1;0;0;-4.04;-1.94;Destination_00;.00;5.79;.00;1.00
Agent_0016;Adulto;Bajo;Bajo;11.13;1;0;0;-3.22;-2.79;Destination_00;.00;5.21;.00;1.00
Agent_0017;Adulto;Bajo;Bajo;11.13;1;0;0;2.11;-3.35;Destination_00;.00;4.79;.00;1.00
Agent_0018;Adulto;Bajo;Bajo;11.13;1;0;0;-3.30;.00;Destination_00;.00;5.83;.00;1.00
Agent_0020;Adulto;Bajo;Bajo;11.13;1;0;0;-2.99;3.30;Destination_00;.00;8.75;.00;1.00
Agent_0021;Adulto;Bajo;Bajo;11.13;1;0;0;1.80;-2.28;Destination_00;.65;2.91;.00;1.00
Agent_0022;Adulto;Bajo;Bajo;11.13;1;0;0;-3.25;1.19;Destination_00;.00;7.73;.00;1.00
Agent_0023;Adulto;Bajo;Bajo;11.13;1;0;0;3.11;-1.62;Destination_00;.00;4.94;.00;1.00
Agent_0024;Adulto;Bajo;Bajo;11.13;1;0;0;-2.71;.63;Destination_00;.00;6.35;.00;1.00
Agent_0025;Adulto;Bajo;Bajo;11.13;1;0;0;-1.22;-.93;Destination_00;.00;3.55;.00;1.00
Agent_0026;Adulto;Bajo;Bajo;11.13;1;0;0;-3.17;-1.86;Destination_00;.00;4.74;.00;1.00
Agent_0027;Adulto;Bajo;Bajo;11.13;1;0;0;-1.38;-3.31;Destination_00;.00;3.71;.00;1.00
Agent_0028;Adulto;Bajo;Bajo;11.13;1;0;0;-3.82;.63;Destination_00;.00;8.85;.00;1.00
Agent_0029;Adulto;Bajo;Bajo;11.13;1;0;0;-2.14;.01;Destination_00;.00;5.87;.00;1.00
Agent_0030;Adulto;Bajo;Bajo;11.13;1;0;0;4.01;-3.16;Destination_00;.00;5.48;.00;1.00
Agent_0031;Adulto;Bajo;Bajo;11.13;1;0;0;-2.33;-3.28;Destination_00;.00;7.56;.00;1.00
Agent_0032;Adulto;Bajo;Bajo;11.13;1;0;0;.67;-1.61;Destination_00;.00;2.58;.00;1.00
Agent_0033;Adulto;Bajo;Bajo;11.13;1;0;0;-2.29;-2.40;Destination_00;.00;4.25;.00;1.00
Agent_0034;Adulto;Bajo;Bajo;11.13;1;0;0;1.25;-3.47;Destination_00;.00;3.20;.00;1.00
Agent_0035;Adulto;Bajo;Bajo;11.13;1;0;0;4.01;-2.42;Destination_00;.00;5.11;.00;1.00
Agent_0002;Adulto;Alto;Alto;11.13;0;0;1;.12;-3.61;Destination_00;4.43;.44;.00;1.00
Agent_0000;Adulto;Alto;Alto;12.13;0;1;0;-.08;-2.00;Destination_00;4.49;2.06;.00;1.00
Agent_0001;Adulto;Alto;Alto;12.13;0;1;0;1.46;-2.15;Destination_00;1.75;2.56;.00;1.00
Agent_0003;Adulto;Alto;Alto;12.13;0;1;0;-.22;-.90;Destination_00;4.75;3.16;.00;1.00
Agent_0005;Adulto;Alto;Alto;12.13;0;1;0;.10;-3.45;Destination_00;6.84;.60;.00;1.00
Agent_0006;Adulto;Alto;Alto;12.13;0;1;0;-.02;-1.34;Destination_00;5.04;2.70;.00;1.00
Agent_0007;Adulto;Bajo;Bajo;12.13;1;0;0;2.32;-1.62;Destination_00;.00;3.57;.00;1.00
Agent_0008;Adulto;Bajo;Bajo;12.13;1;0;0;-4.14;-1.18;Destination_00;.00;5.73;.00;1.00
Agent_0009;Adulto;Bajo;Bajo;12.13;1;0;0;3.76;-1.68;Destination_00;.00;5.11;.00;1.00
Agent_0010;Adulto;Bajo;Bajo;12.13;1;0;0;-2.15;-.86;Destination_00;.00;4.44;.00;1.00
Agent_0011;Adulto;Bajo;Bajo;12.13;1;0;0;1.33;-1.66;Destination_00;.00;2.77;.00;1.00
Agent_0012;Adulto;Bajo;Bajo;12.13;1;0;0;-4.04;-2.87;Destination_00;.00;6.26;.00;1.00
Agent_0013;Adulto;Bajo;Bajo;12.13;0;1;0;-1.67;.39;Destination_00;.71;6.35;.00;1.00
Agent_0014;Adulto;Bajo;Bajo;12.13;1;0;0;-4.07;-.59;Destination_00;.00;6.30;.00;1.00
Agent_0015;Adulto;Bajo;Bajo;12.13;1;0;0;-4.04;-1.94;Destination_00;.00;5.79;.00;1.00
Agent_0016;Adulto;Bajo;Bajo;12.13;1;0;0;-3.22;-2.79;Destination_00;.00;5.21;.00;1.00
Agent_0017;Adulto;Bajo;Bajo;12.13;1;0;0;2.11;-3.35;Destination_00;.00;4.79;.00;1.00
Agent_0018;Adulto;Bajo;Bajo;12.13;0;1;0;-3.05;-.50;Destination_00;.68;5.08;.00;1.00
Agent_0020;Adulto;Bajo;Bajo;12.13;1;0;0;-2.99;3.30;Destination_00;.00;8.75;.00;1.00
Agent_0021;Adulto;Bajo;Bajo;12.13;1;0;0;.98;-2.36;Destination_00;1.54;2.02;.00;1.00
Agent_0022;Adulto;Bajo;Bajo;12.13;1;0;0;-3.25;1.19;Destination_00;.00;7.73;.00;1.00
Agent_0023;Adulto;Bajo;Bajo;12.13;1;0;0;3.11;-1.62;Destination_00;.00;4.94;.00;1.00
Agent_0024;Adulto;Bajo;Bajo;12.13;1;0;0;-2.71;.63;Destination_00;.00;6.35;.00;1.00
Agent_0025;Adulto;Bajo;Bajo;12.13;0;1;0;-1.24;-1.23;Destination_00;.29;3.27;.00;1.00
Agent_0026;Adulto;Bajo;Bajo;12.13;1;0;0;-3.17;-1.86;Destination_00;.00;4.74;.00;1.00
Agent_0027;Adulto;Bajo;Bajo;12.13;1;0;0;-1.38;-3.31;Destination_00;.00;3.71;.00;1.00
Agent_0028;Adulto;Bajo;Bajo;12.13;1;0;0;-3.82;.63;Destination_00;.00;8.85;.00;1.00
Agent_0029;Adulto;Bajo;Bajo;12.13;1;0;0;-2.14;.01;Destination_00;.00;5.87;.00;1.00
Agent_0030;Adulto;Bajo;Bajo;12.13;0;1;0;3.65;-3.24;Destination_00;.35;5.13;.00;1.00
Agent_0031;Adulto;Bajo;Bajo;12.13;1;0;0;-2.33;-3.28;Destination_00;.00;7.56;.00;1.00
Agent_0032;Adulto;Bajo;Bajo;12.13;1;0;0;.67;-1.61;Destination_00;.00;2.58;.00;1.00
Agent_0033;Adulto;Bajo;Bajo;12.13;1;0;0;-2.29;-2.40;Destination_00;.00;4.25;.00;1.00
Agent_0034;Adulto;Bajo;Bajo;12.13;1;0;0;1.25;-3.47;Destination_00;.00;3.20;.00;1.00
Agent_0035;Adulto;Bajo;Bajo;12.13;1;0;0;4.01;-2.42;Destination_00;.00;5.11;.00;1.00
Agent_0005;Adulto;Alto;Alto;12.13;0;0;1;.12;-3.61;Destination_00;7.00;.43;.00;1.00
Agent_0000;Adulto;Alto;Alto;13.14;0;1;0;-.05;-2.99;Destination_00;5.49;1.08;.00;1.00
Agent_0001;Adulto;Alto;Alto;13.14;0;1;0;.59;-2.55;Destination_00;2.71;1.58;.00;1.00
Agent_0003;Adulto;Alto;Alto;13.14;0;1;0;-.13;-1.66;Destination_00;5.50;2.40;.00;1.00
Agent_0006;Adulto;Alto;Alto;13.14;0;1;0;.05;-2.28;Destination_00;5.97;1.77;.00;1.00
Agent_0007;Adulto;Bajo;Bajo;13.14;1;0;0;2.32;-1.62;Destination_00;.00;3.57;.00;1.00
Agent_0008;Adulto;Bajo;Bajo;13.14;1;0;0;-4.14;-1.18;Destination_00;.00;5.73;.00;1.00
Agent_0009;Adulto;Bajo;Bajo;13.14;1;0;0;3.76;-1.68;Destination_00;.00;5.11;.00;1.00
Agent_0010;Adulto;Bajo;Bajo;13.14;0;1;0;-2.08;-1.07;Destination_00;.25;4.39;.00;1.00
Agent_0011;Adulto;Bajo;Bajo;13.14;1;0;0;1.33;-1.66;Destination_00;.00;2.77;.00;1.00
Agent_0012;Adulto;Bajo;Bajo;13.14;1;0;0;-4.04;-2.87;Destination_00;.00;6.26;.00;1.00
Agent_0013;Adulto;Bajo;Bajo;13.14;0;1;0;-2.33;.20;Destination_00;1.46;5.63;.00;1.00
Agent_0014;Adulto;Bajo;Bajo;13.14;1;0;0;-4.07;-.59;Destination_00;.00;6.30;.00;1.00
Agent_0015;Adulto;Bajo;Bajo;13.14;1;0;0;-4.04;-1.94;Destination_00;.00;5.79;.00;1.00
Agent_0016;Adulto;Bajo;Bajo;13.14;1;0;0;-3.22;-2.79;Destination_00;.00;5.21;.00;1.00
Agent_0017;Adulto;Bajo;Bajo;13.14;1;0;0;2.11;-3.35;Destination_00;.00;4.79;.00;1.00
Agent_0018;Adulto;Bajo;Bajo;13.14;0;1;0;-2.53;-1.03;Destination_00;1.50;4.33;.00;1.00
Agent_0020;Adulto;Bajo;Bajo;13.14;1;0;0;-2.99;3.30;Destination_00;.00;8.75;.00;1.00
Agent_0021;Adulto;Bajo;Bajo;13.14;1;0;0;.42;-3.06;Destination_00;2.55;1.01;.00;1.00
Agent_0022;Adulto;Bajo;Bajo;13.14;1;0;0;-3.25;1.19;Destination_00;.00;7.73;.00;1.00
Agent_0023;Adulto;Bajo;Bajo;13.14;1;0;0;3.11;-1.62;Destination_00;.00;4.94;.00;1.00
Agent_0024;Adulto;Bajo;Bajo;13.14;1;0;0;-2.71;.63;Destination_00;.00;6.35;.00;1.00
Agent_0025;Adulto;Bajo;Bajo;13.14;0;1;0;-.64;-2.02;Destination_00;1.30;2.24;.00;1.00
Agent_0026;Adulto;Bajo;Bajo;13.14;1;0;0;-3.17;-1.86;Destination_00;.00;4.74;.00;1.00
Agent_0027;Adulto;Bajo;Bajo;13.14;1;0;0;-1.38;-3.31;Destination_00;.00;3.71;.00;1.00
Agent_0028;Adulto;Bajo;Bajo;13.14;1;0;0;-3.82;.63;Destination_00;.00;8.85;.00;1.00
Agent_0029;Adulto;Bajo;Bajo;13.14;1;0;0;-2.54;-.23;Destination_00;.62;5.11;.00;1.00
Agent_0030;Adulto;Bajo;Bajo;13.14;0;1;0;2.87;-2.71;Destination_00;1.29;4.14;.00;1.00
Agent_0031;Adulto;Bajo;Bajo;13.14;1;0;0;-2.33;-3.28;Destination_00;.00;7.56;.00;1.00
Agent_0032;Adulto;Bajo;Bajo;13.14;1;0;0;.67;-1.61;Destination_00;.00;2.58;.00;1.00
Agent_0033;Adulto;Bajo;Bajo;13.14;1;0;0;-2.29;-2.40;Destination_00;.00;4.25;.00;1.00
Agent_0034;Adulto;Bajo;Bajo;13.14;1;0;0;1.25;-3.47;Destination_00;.00;3.20;.00;1.00
Agent_0035;Adulto;Bajo;Bajo;13.14;1;0;0;4.01;-2.42;Destination_00;.00;5.11;.00;1.00
Agent_0021;Adulto;Bajo;Bajo;13.14;0;0;1;.39;-3.66;Destination_00;3.16;.44;.00;1.00
Agent_0000;Adulto;Alto;Alto;13.14;0;0;1;.00;-3.64;Destination_00;6.16;.44;.00;1.00
Agent_0001;Adulto;Alto;Alto;14.16;0;1;0;.34;-3.56;Destination_00;3.79;.51;.00;1.00
Agent_0003;Adulto;Alto;Alto;14.16;0;1;0;.28;-2.39;Destination_00;6.41;1.65;.00;1.00
Agent_0006;Adulto;Alto;Alto;14.16;0;1;0;.05;-3.21;Destination_00;6.91;.84;.00;1.00
Agent_0007;Adulto;Bajo;Bajo;14.16;1;0;0;2.32;-1.62;Destination_00;.00;3.57;.00;1.00
Agent_0008;Adulto;Bajo;Bajo;14.16;1;0;0;-4.14;-1.18;Destination_00;.00;5.73;.00;1.00
Agent_0009;Adulto;Bajo;Bajo;14.16;0;1;0;3.65;-1.97;Destination_00;.29;4.82;.00;1.00
Agent_0010;Adulto;Bajo;Bajo;14.16;0;1;0;-1.35;-1.57;Destination_00;1.19;3.07;.00;1.00
Agent_0011;Adulto;Bajo;Bajo;14.16;1;0;0;1.33;-1.66;Destination_00;.00;2.77;.00;1.00
Agent_0012;Adulto;Bajo;Bajo;14.16;0;1;0;-3.63;-3.17;Destination_00;.61;5.63;.00;1.00
Agent_0013;Adulto;Bajo;Bajo;14.16;0;1;0;-2.58;-.56;Destination_00;2.31;4.77;.00;1.00
Agent_0014;Adulto;Bajo;Bajo;14.16;0;1;0;-4.06;-.56;Destination_00;.02;6.28;.00;1.00
Agent_0015;Adulto;Bajo;Bajo;14.16;0;1;0;-4.02;-1.91;Destination_00;.03;5.75;.00;1.00
Agent_0016;Adulto;Bajo;Bajo;14.16;1;0;0;-3.22;-2.79;Destination_00;.00;5.21;.00;1.00
Agent_0017;Adulto;Bajo;Bajo;14.16;1;0;0;2.11;-3.35;Destination_00;.00;4.79;.00;1.00
Agent_0018;Adulto;Bajo;Bajo;14.16;0;1;0;-1.87;-1.35;Destination_00;2.26;3.62;.00;1.00
Agent_0020;Adulto;Bajo;Bajo;14.16;1;0;0;-2.99;3.30;Destination_00;.00;8.75;.00;1.00
Agent_0022;Adulto;Bajo;Bajo;14.16;0;1;0;-3.10;1.48;Destination_00;.45;7.25;.00;1.00
Agent_0023;Adulto;Bajo;Bajo;14.16;0;1;0;3.11;-1.62;Destination_00;.00;4.94;.00;1.00
Agent_0024;Adulto;Bajo;Bajo;14.16;1;0;0;-2.71;.63;Destination_00;.00;6.35;.00;1.00
Agent_0025;Adulto;Bajo;Bajo;14.16;0;1;0;-.06;-2.74;Destination_00;2.25;1.32;.00;1.00
Agent_0026;Adulto;Bajo;Bajo;14.16;1;0;0;-3.17;-1.86;Destination_00;.00;4.74;.00;1.00
Agent_0027;Adulto;Bajo;Bajo;14.16;1;0;0;-1.38;-3.31;Destination_00;.00;3.71;.00;1.00
Agent_0028;Adulto;Bajo;Bajo;14.16;0;1;0;-3.87;.70;Destination_00;.07;8.78;.00;1.00
Agent_0029;Adulto;Bajo;Bajo;14.16;1;0;0;-2.35;-1.08;Destination_00;1.53;4.17;.00;1.00
Agent_0030;Adulto;Bajo;Bajo;14.16;0;1;0;2.11;-2.20;Destination_00;2.22;3.21;.00;1.00
Agent_0031;Adulto;Bajo;Bajo;14.16;1;0;0;-2.33;-3.28;Destination_00;.00;7.56;.00;1.00
Agent_0032;Adulto;Bajo;Bajo;14.16;1;0;0;.67;-1.61;Destination_00;.00;2.58;.00;1.00
Agent_0033;Adulto;Bajo;Bajo;14.16;1;0;0;-2.29;-2.40;Destination_00;.00;4.25;.00;1.00
Agent_0034;Adulto;Bajo;Bajo;14.16;0;1;0;1.17;-3.02;Destination_00;.44;2.76;.00;1.00
Agent_0035;Adulto;Bajo;Bajo;14.16;1;0;0;4.01;-2.42;Destination_00;.00;5.11;.00;1.00
Agent_0001;Adulto;Alto;Alto;14.16;0;0;1;.32;-3.65;Destination_00;3.88;.42;.00;1.00
Agent_0006;Adulto;Alto;Alto;14.16;0;0;1;.11;-3.62;Destination_00;7.32;.43;.00;1.00
Agent_0025;Adulto;Bajo;Bajo;14.16;0;0;1;.10;-3.62;Destination_00;3.16;.43;.00;1.00
Agent_0003;Adulto;Alto;Alto;15.16;0;1;0;.29;-3.32;Destination_00;7.36;.74;.00;1.00
Agent_0007;Adulto;Bajo;Bajo;15.16;1;0;0;2.32;-1.62;Destination_00;.00;3.57;.00;1.00
Agent_0008;Adulto;Bajo;Bajo;15.16;1;0;0;-4.14;-1.18;Destination_00;.00;5.73;.00;1.00
Agent_0009;Adulto;Bajo;Bajo;15.16;0;1;0;2.87;-2.31;Destination_00;1.24;3.97;.00;1.00
Agent_0010;Adulto;Bajo;Bajo;15.16;0;1;0;-.58;-2.21;Destination_00;2.19;2.07;.00;1.00
Agent_0011;Adulto;Bajo;Bajo;15.16;1;0;0;1.27;-1.77;Destination_00;.12;2.65;.00;1.00
Agent_0012;Adulto;Bajo;Bajo;15.16;0;1;0;-3.05;-2.98;Destination_00;1.31;4.99;.00;1.00
Agent_0013;Adulto;Bajo;Bajo;15.16;0;1;0;-2.21;-1.18;Destination_00;3.07;4.00;.00;1.00
Agent_0014;Adulto;Bajo;Bajo;15.16;0;1;0;-3.57;-.49;Destination_00;.76;5.52;.00;1.00
Agent_0015;Adulto;Bajo;Bajo;15.16;0;1;0;-3.37;-1.48;Destination_00;.85;4.91;.00;1.00
Agent_0016;Adulto;Bajo;Bajo;15.16;1;0;0;-2.74;-2.46;Destination_00;.77;4.37;.00;1.00
Agent_0017;Adulto;Bajo;Bajo;15.16;1;0;0;2.11;-3.35;Destination_00;.00;4.79;.00;1.00
Agent_0018;Adulto;Bajo;Bajo;15.16;0;1;0;-1.05;-1.93;Destination_00;3.26;2.62;.00;1.00
Agent_0020;Adulto;Bajo;Bajo;15.16;1;0;0;-2.99;3.30;Destination_00;.00;8.75;.00;1.00
Agent_0022;Adulto;Bajo;Bajo;15.16;0;1;0;-2.36;.91;Destination_00;1.43;6.28;.00;1.00
Agent_0023;Adulto;Bajo;Bajo;15.16;0;1;0;3.23;-2.02;Destination_00;.66;4.33;.00;1.00
Agent_0024;Adulto;Bajo;Bajo;15.16;1;0;0;-2.65;.57;Destination_00;.09;6.29;.00;1.00
Agent_0026;Adulto;Bajo;Bajo;15.16;1;0;0;-3.04;-1.79;Destination_00;.14;4.61;.00;1.00
Agent_0027;Adulto;Bajo;Bajo;15.16;1;0;0;-1.38;-3.31;Destination_00;.00;3.71;.00;1.00
Agent_0028;Adulto;Bajo;Bajo;15.16;0;1;0;-3.67;1.41;Destination_00;.97;7.85;.00;1.00
Agent_0029;Adulto;Bajo;Bajo;15.16;1;0;0;-1.58;-1.60;Destination_00;2.46;3.24;.00;1.00
Agent_0030;Adulto;Bajo;Bajo;15.16;0;1;0;1.25;-2.26;Destination_00;3.12;2.31;.00;1.00
Agent_0031;Adulto;Bajo;Bajo;15.16;1;0;0;-2.33;-3.28;Destination_00;.00;7.56;.00;1.00
Agent_0032;Adulto;Bajo;Bajo;15.16;0;1;0;.70;-1.70;Destination_00;.08;2.50;.00;1.00
Agent_0033;Adulto;Bajo;Bajo;15.16;1;0;0;-2.29;-2.37;Destination_00;.02;4.24;.00;1.00
Agent_0034;Adulto;Bajo;Bajo;15.16;0;1;0;.77;-2.49;Destination_00;1.38;1.78;.00;1.00
Agent_0035;Adulto;Bajo;Bajo;15.16;1;0;0;4.01;-2.42;Destination_00;.00;5.11;.00;1.00
Agent_0003;Adulto;Alto;Alto;15.16;0;0;1;.24;-3.59;Destination_00;7.65;.45;.00;1.00
Agent_0007;Adulto;Bajo;Bajo;16.17;1;0;0;2.18;-1.65;Destination_00;.13;3.44;.00;1.00
Agent_0008;Adulto;Bajo;Bajo;16.17;0;1;0;-3.54;-1.36;Destination_00;.62;5.11;.00;1.00
Agent_0009;Adulto;Bajo;Bajo;16.17;0;1;0;1.89;-2.23;Destination_00;2.22;2.99;.00;1.00
Agent_0010;Adulto;Bajo;Bajo;16.17;0;1;0;-.05;-2.98;Destination_00;3.18;1.08;.00;1.00
Agent_0011;Adulto;Bajo;Bajo;16.17;0;1;0;.97;-2.32;Destination_00;.78;2.02;.00;1.00
Agent_0012;Adulto;Bajo;Bajo;16.17;0;1;0;-2.77;-2.27;Destination_00;2.16;4.29;.00;1.00
Agent_0013;Adulto;Bajo;Bajo;16.17;0;1;0;-1.38;-1.74;Destination_00;4.07;3.00;.00;1.00
Agent_0014;Adulto;Bajo;Bajo;16.17;0;1;0;-2.74;-.98;Destination_00;1.73;4.55;.00;1.00
Agent_0015;Adulto;Bajo;Bajo;16.17;0;1;0;-2.47;-1.35;Destination_00;1.77;4.13;.00;1.00
Agent_0016;Adulto;Bajo;Bajo;16.17;1;0;0;-2.43;-1.85;Destination_00;1.55;3.92;.00;1.00
Agent_0017;Adulto;Bajo;Bajo;16.17;1;0;0;2.11;-3.35;Destination_00;.00;4.79;.00;1.00
Agent_0018;Adulto;Bajo;Bajo;16.17;0;1;0;-.23;-2.51;Destination_00;4.27;1.61;.00;1.00
Agent_0020;Adulto;Bajo;Bajo;16.17;1;0;0;-2.99;3.30;Destination_00;.00;8.75;.00;1.00
Agent_0022;Adulto;Bajo;Bajo;16.17;0;1;0;-2.18;.12;Destination_00;2.32;5.66;.00;1.00
Agent_0023;Adulto;Bajo;Bajo;16.17;0;1;0;2.33;-2.09;Destination_00;1.57;3.42;.00;1.00
Agent_0024;Adulto;Bajo;Bajo;16.17;0;1;0;-2.36;.54;Destination_00;.63;5.90;.00;1.00
Agent_0026;Adulto;Bajo;Bajo;16.17;1;0;0;-2.04;-1.54;Destination_00;1.18;3.66;.00;1.00
Agent_0027;Adulto;Bajo;Bajo;16.17;1;0;0;-1.38;-3.31;Destination_00;.00;3.71;.00;1.00
Agent_0028;Adulto;Bajo;Bajo;16.17;0;1;0;-2.89;1.43;Destination_00;1.79;7.01;.00;1.00
Agent_0029;Adulto;Bajo;Bajo;16.17;1;0;0;-.75;-2.17;Destination_00;3.47;2.24;.00;1.00
Agent_0030;Adulto;Bajo;Bajo;16.17;0;1;0;.43;-2.74;Destination_00;4.11;1.33;.00;1.00
Agent_0031;Adulto;Bajo;Bajo;16.17;0;1;0;-2.71;-2.98;Destination_00;.56;4.89;.00;1.00
Agent_0032;Adulto;Bajo;Bajo;16.17;0;1;0;.49;-2.26;Destination_00;.78;1.81;.00;1.00
Agent_0033;Adulto;Bajo;Bajo;16.17;1;0;0;-2.33;-2.31;Destination_00;.36;4.17;.00;1.00
Agent_0034;Adulto;Bajo;Bajo;16.17;0;1;0;.34;-3.28;Destination_00;2.39;.79;.00;1.00
Agent_0035;Adulto;Bajo;Bajo;16.17;1;0;0;4.01;-2.42;Destination_00;.00;5.11;.00;1.00
Agent_0034;Adulto;Bajo;Bajo;16.17;0;0;1;.30;-3.62;Destination_00;2.74;.44;.00;1.00
Agent_0010;Adulto;Bajo;Bajo;16.17;0;0;1;.01;-3.66;Destination_00;3.86;.42;.00;1.00
Agent_0030;Adulto;Bajo;Bajo;16.17;0;0;1;.34;-3.66;Destination_00;5.04;.42;.00;1.00
Agent_0007;Adulto;Bajo;Bajo;17.19;0;1;0;1.75;-1.94;Destination_00;.72;2.90;.00;1.00
Agent_0008;Adulto;Bajo;Bajo;17.19;0;1;0;-2.65;-1.66;Destination_00;1.56;4.17;.00;1.00
Agent_0009;Adulto;Bajo;Bajo;17.19;0;1;0;.98;-2.36;Destination_00;3.18;2.02;.00;1.00
Agent_0011;Adulto;Bajo;Bajo;17.19;0;1;0;.42;-2.74;Destination_00;1.52;1.32;.00;1.00
Agent_0012;Adulto;Bajo;Bajo;17.19;0;1;0;-2.18;-1.63;Destination_00;3.12;3.74;.00;1.00
Agent_0013;Adulto;Bajo;Bajo;17.19;0;1;0;-.54;-2.30;Destination_00;5.08;1.99;.00;1.00
Agent_0014;Adulto;Bajo;Bajo;17.19;0;1;0;-1.87;-1.27;Destination_00;2.68;3.67;.00;1.00
Agent_0015;Adulto;Bajo;Bajo;17.19;0;1;0;-1.52;-1.59;Destination_00;2.77;3.19;.00;1.00
Agent_0016;Adulto;Bajo;Bajo;17.19;1;0;0;-1.57;-2.05;Destination_00;2.48;3.06;.00;1.00
Agent_0017;Adulto;Bajo;Bajo;17.19;0;1;0;2.38;-3.19;Destination_00;.30;4.49;.00;1.00
Agent_0018;Adulto;Bajo;Bajo;17.19;0;1;0;-.08;-3.52;Destination_00;5.34;.59;.00;1.00
Agent_0020;Adulto;Bajo;Bajo;17.19;1;0;0;-2.99;3.30;Destination_00;.00;8.75;.00;1.00
Agent_0022;Adulto;Bajo;Bajo;17.19;0;1;0;-2.51;-.65;Destination_00;3.20;4.71;.00;1.00
Agent_0023;Adulto;Bajo;Bajo;17.19;0;1;0;1.52;-2.33;Destination_00;2.45;2.69;.00;1.00
Agent_0024;Adulto;Bajo;Bajo;17.19;0;1;0;-2.54;-.15;Destination_00;1.40;5.18;.00;1.00
Agent_0026;Adulto;Bajo;Bajo;17.19;1;0;0;-1.06;-1.96;Destination_00;2.26;2.61;.00;1.00
Agent_0027;Adulto;Bajo;Bajo;17.19;1;0;0;-1.38;-3.31;Destination_00;.00;3.71;.00;1.00
Agent_0028;Adulto;Bajo;Bajo;17.19;0;1;0;-2.37;.75;Destination_00;2.67;6.13;.00;1.00
Agent_0029;Adulto;Bajo;Bajo;17.19;1;0;0;-.08;-2.85;Destination_00;4.47;1.22;.00;1.00
Agent_0031;Adulto;Bajo;Bajo;17.19;0;1;0;-2.60;-2.14;Destination_00;1.46;4.10;.00;1.00
Agent_0032;Adulto;Bajo;Bajo;17.19;0;1;0;.28;-3.21;Destination_00;1.79;.84;.00;1.00
Agent_0033;Adulto;Bajo;Bajo;17.19;1;0;0;-2.13;-2.08;Destination_00;.84;3.61;.00;1.00
Agent_0035;Adulto;Bajo;Bajo;17.19;1;0;0;4.01;-2.42;Destination_00;.00;5.11;.00;1.00
Agent_0018;Adulto;Bajo;Bajo;17.19;0;0;1;-.04;-3.67;Destination_00;5.50;.43;.00;1.00
Agent_0032;Adulto;Bajo;Bajo;17.19;0;0;1;.25;-3.61;Destination_00;2.19;.44;.00;1.00
Agent_0029;Adulto;Bajo;Bajo;17.19;0;0;1;-.01;-3.69;Destination_00;5.31;.41;.00;1.00
Agent_0011;Adulto;Bajo;Bajo;17.19;0;0;1;.32;-3.62;Destination_00;2.41;.45;.00;1.00
Agent_0007;Adulto;Bajo;Bajo;18.19;0;1;0;1.37;-2.47;Destination_00;1.42;2.36;.00;1.00
Agent_0008;Adulto;Bajo;Bajo;18.19;0;1;0;-1.84;-1.68;Destination_00;2.39;3.42;.00;1.00
Agent_0009;Adulto;Bajo;Bajo;18.19;0;1;0;.42;-3.07;Destination_00;4.20;1.00;.00;1.00
Agent_0012;Adulto;Bajo;Bajo;18.19;0;1;0;-1.38;-1.64;Destination_00;3.95;3.05;.00;1.00
Agent_0013;Adulto;Bajo;Bajo;18.19;0;1;0;-.05;-3.08;Destination_00;6.09;.99;.00;1.00
Agent_0014;Adulto;Bajo;Bajo;18.19;0;1;0;-.91;-1.76;Destination_00;3.80;2.62;.00;1.00
Agent_0015;Adulto;Bajo;Bajo;18.19;0;1;0;-.47;-1.94;Destination_00;3.91;2.22;.00;1.00
Agent_0016;Adulto;Bajo;Bajo;18.19;0;1;0;-.81;-2.26;Destination_00;3.31;2.24;.00;1.00
Agent_0017;Adulto;Bajo;Bajo;18.19;0;1;0;2.39;-2.41;Destination_00;1.16;3.57;.00;1.00
Agent_0020;Adulto;Bajo;Bajo;18.19;0;1;0;-2.97;3.21;Destination_00;.08;8.67;.00;1.00
Agent_0022;Adulto;Bajo;Bajo;18.19;0;1;0;-2.04;-1.27;Destination_00;4.09;3.80;.00;1.00
Agent_0023;Adulto;Bajo;Bajo;18.19;0;1;0;.86;-2.53;Destination_00;3.35;1.85;.00;1.00
Agent_0024;Adulto;Bajo;Bajo;18.19;0;1;0;-2.42;-1.00;Destination_00;2.29;4.27;.00;1.00
Agent_0026;Adulto;Bajo;Bajo;18.19;1;0;0;-.22;-2.52;Destination_00;3.28;1.60;.00;1.00
Agent_0027;Adulto;Bajo;Bajo;18.19;0;1;0;-1.29;-2.82;Destination_00;.49;3.22;.00;1.00
Agent_0028;Adulto;Bajo;Bajo;18.19;0;1;0;-2.54;-.12;Destination_00;3.58;5.21;.00;1.00
Agent_0031;Adulto;Bajo;Bajo;18.19;0;1;0;-2.15;-2.02;Destination_00;2.01;3.62;.00;1.00
Agent_0033;Adulto;Bajo;Bajo;18.19;1;0;0;-1.34;-2.11;Destination_00;1.68;2.78;.00;1.00
Agent_0035;Adulto;Bajo;Bajo;18.19;1;0;0;4.01;-2.42;Destination_00;.00;5.11;.00;1.00
Agent_0013;Adulto;Bajo;Bajo;18.19;0;0;1;-.04;-3.66;Destination_00;6.67;.44;.00;1.00
Agent_0009;Adulto;Bajo;Bajo;18.19;0;0;1;.37;-3.70;Destination_00;4.84;.39;.00;1.00
Agent_0007;Adulto;Bajo;Bajo;19.20;0;1;0;.60;-2.55;Destination_00;2.20;1.58;.00;1.00
Agent_0008;Adulto;Bajo;Bajo;19.20;0;1;0;-.99;-1.96;Destination_00;3.32;2.54;.00;1.00
Agent_0012;Adulto;Bajo;Bajo;19.20;0;1;0;-.56;-2.03;Destination_00;4.87;2.19;.00;1.00
Agent_0014;Adulto;Bajo;Bajo;19.20;0;1;0;-.11;-2.17;Destination_00;4.75;1.89;.00;1.00
Agent_0015;Adulto;Bajo;Bajo;19.20;0;1;0;.24;-2.77;Destination_00;5.05;1.28;.00;1.00
Agent_0016;Adulto;Bajo;Bajo;19.20;0;1;0;-.15;-2.63;Destination_00;4.13;1.45;.00;1.00
Agent_0017;Adulto;Bajo;Bajo;19.20;0;1;0;1.62;-2.16;Destination_00;2.01;2.72;.00;1.00
Agent_0020;Adulto;Bajo;Bajo;19.20;0;1;0;-2.84;2.20;Destination_00;1.09;7.66;.00;1.00
Agent_0022;Adulto;Bajo;Bajo;19.20;0;1;0;-1.27;-1.62;Destination_00;4.96;2.98;.00;1.00
Agent_0023;Adulto;Bajo;Bajo;19.20;0;1;0;.40;-3.19;Destination_00;4.35;.88;.00;1.00
Agent_0024;Adulto;Bajo;Bajo;19.20;0;1;0;-1.72;-1.51;Destination_00;3.16;3.40;.00;1.00
Agent_0026;Adulto;Bajo;Bajo;19.20;0;1;0;.02;-3.50;Destination_00;4.31;.57;.00;1.00
Agent_0027;Adulto;Bajo;Bajo;19.20;0;1;0;-1.20;-2.32;Destination_00;1.08;2.70;.00;1.00
Agent_0028;Adulto;Bajo;Bajo;19.20;0;1;0;-2.45;-.95;Destination_00;4.44;4.33;.00;1.00
Agent_0031;Adulto;Bajo;Bajo;19.20;0;1;0;-1.54;-2.01;Destination_00;2.65;3.01;.00;1.00
Agent_0033;Adulto;Bajo;Bajo;19.20;0;1;0;-.57;-2.49;Destination_00;2.54;1.93;.00;1.00
Agent_0035;Adulto;Bajo;Bajo;19.20;0;1;0;3.92;-2.40;Destination_00;.08;5.04;.00;1.00
Agent_0026;Adulto;Bajo;Bajo;19.20;0;0;1;.03;-3.63;Destination_00;4.45;.44;.00;1.00
Agent_0023;Adulto;Bajo;Bajo;19.20;0;0;1;.34;-3.64;Destination_00;4.81;.44;.00;1.00
Agent_0015;Adulto;Bajo;Bajo;19.20;0;0;1;.29;-3.65;Destination_00;5.95;.41;.00;1.00
Agent_0007;Adulto;Bajo;Bajo;20.21;0;1;0;.43;-3.44;Destination_00;3.16;.65;.00;1.00
Agent_0008;Adulto;Bajo;Bajo;20.21;0;1;0;-.12;-2.20;Destination_00;4.25;1.86;.00;1.00
Agent_0012;Adulto;Bajo;Bajo;20.21;0;1;0;.28;-2.44;Destination_00;5.91;1.60;.00;1.00
Agent_0014;Adulto;Bajo;Bajo;20.21;0;1;0;.17;-3.05;Destination_00;5.72;.99;.00;1.00
Agent_0016;Adulto;Bajo;Bajo;20.21;0;1;0;-.02;-3.54;Destination_00;5.07;.54;.00;1.00
Agent_0017;Adulto;Bajo;Bajo;20.21;0;1;0;.79;-2.46;Destination_00;2.92;1.80;.00;1.00
Agent_0020;Adulto;Bajo;Bajo;20.21;0;1;0;-2.53;1.26;Destination_00;2.09;6.66;.00;1.00
Agent_0022;Adulto;Bajo;Bajo;20.21;0;1;0;-.53;-1.97;Destination_00;5.81;2.22;.00;1.00
Agent_0024;Adulto;Bajo;Bajo;20.21;0;1;0;-1.03;-1.82;Destination_00;3.93;2.67;.00;1.00
Agent_0027;Adulto;Bajo;Bajo;20.21;0;1;0;-.47;-2.43;Destination_00;1.87;1.86;.00;1.00
Agent_0028;Adulto;Bajo;Bajo;20.21;0;1;0;-1.74;-1.49;Destination_00;5.33;3.44;.00;1.00
Agent_0031;Adulto;Bajo;Bajo;20.21;0;1;0;-.90;-2.26;Destination_00;3.38;2.32;.00;1.00
Agent_0033;Adulto;Bajo;Bajo;20.21;0;1;0;-.12;-2.69;Destination_00;3.13;1.38;.07;1.07
Agent_0035;Adulto;Bajo;Bajo;20.21;0;1;0;3.12;-2.26;Destination_00;.89;4.22;.00;1.00
Agent_0016;Adulto;Bajo;Bajo;20.21;0;0;1;-.02;-3.66;Destination_00;5.19;.42;.00;1.00
Agent_0007;Adulto;Bajo;Bajo;20.21;0;0;1;.39;-3.69;Destination_00;3.41;.42;.00;1.00
Agent_0014;Adulto;Bajo;Bajo;20.21;0;0;1;.19;-3.62;Destination_00;6.29;.42;.00;1.00
Agent_0033;Adulto;Bajo;Bajo;20.21;0;0;1;.00;-3.67;Destination_00;4.12;.41;.09;1.08
Agent_0008;Adulto;Bajo;Bajo;21.21;0;1;0;.27;-2.93;Destination_00;5.16;1.12;.00;1.00
Agent_0012;Adulto;Bajo;Bajo;21.21;0;1;0;.31;-3.43;Destination_00;6.91;.62;.00;1.00
Agent_0017;Adulto;Bajo;Bajo;21.21;0;1;0;.55;-2.57;Destination_00;3.40;1.53;.00;1.00
Agent_0020;Adulto;Bajo;Bajo;21.21;0;1;0;-2.40;.40;Destination_00;2.98;5.76;.00;1.00
Agent_0022;Adulto;Bajo;Bajo;21.21;0;1;0;.10;-2.49;Destination_00;6.69;1.55;.00;1.00
Agent_0024;Adulto;Bajo;Bajo;21.21;0;1;0;-.45;-2.12;Destination_00;4.62;2.04;.00;1.00
Agent_0027;Adulto;Bajo;Bajo;21.21;0;1;0;-.09;-3.18;Destination_00;2.82;.90;.00;1.00
Agent_0028;Adulto;Bajo;Bajo;21.21;0;1;0;-.91;-2.06;Destination_00;6.34;2.43;.00;1.00
Agent_0031;Adulto;Bajo;Bajo;21.21;0;1;0;-.35;-2.55;Destination_00;4.08;1.70;.00;1.00
Agent_0035;Adulto;Bajo;Bajo;21.21;0;1;0;2.13;-2.19;Destination_00;1.89;3.22;.00;1.00
Agent_0012;Adulto;Bajo;Bajo;21.21;0;0;1;.29;-3.62;Destination_00;7.09;.44;.00;1.00
Agent_0027;Adulto;Bajo;Bajo;21.21;0;0;1;-.03;-3.67;Destination_00;3.32;.42;.00;1.00
Agent_0008;Adulto;Bajo;Bajo;21.21;0;0;1;.31;-3.65;Destination_00;5.89;.42;.00;1.00
Agent_0022;Adulto;Bajo;Bajo;21.21;0;0;1;.11;-3.62;Destination_00;7.83;.42;.00;1.00
Agent_0017;Adulto;Bajo;Bajo;22.23;0;1;0;.40;-3.25;Destination_00;4.14;.82;.00;1.00
Agent_0020;Adulto;Bajo;Bajo;22.23;0;1;0;-2.56;-.47;Destination_00;3.87;4.87;.00;1.00
Agent_0024;Adulto;Bajo;Bajo;22.23;0;1;0;.08;-2.66;Destination_00;5.50;1.39;.00;1.00
Agent_0028;Adulto;Bajo;Bajo;22.23;0;1;0;-.34;-2.53;Destination_00;7.11;1.70;.00;1.00
Agent_0031;Adulto;Bajo;Bajo;22.23;0;1;0;-.05;-3.12;Destination_00;4.84;.95;.00;1.00
Agent_0035;Adulto;Bajo;Bajo;22.23;0;1;0;1.28;-2.21;Destination_00;2.76;2.35;.00;1.00
Agent_0017;Adulto;Bajo;Bajo;22.23;0;0;1;.37;-3.67;Destination_00;4.56;.43;.00;1.00
Agent_0031;Adulto;Bajo;Bajo;22.23;0;0;1;-.01;-3.64;Destination_00;5.38;.44;.00;1.00
Agent_0024;Adulto;Bajo;Bajo;22.23;0;0;1;.18;-3.62;Destination_00;6.47;.42;.00;1.00
Agent_0020;Adulto;Bajo;Bajo;23.24;0;1;0;-2.21;-1.18;Destination_00;4.73;3.99;.00;1.00
Agent_0028;Adulto;Bajo;Bajo;23.24;0;1;0;.01;-3.27;Destination_00;8.02;.79;.00;1.00
Agent_0035;Adulto;Bajo;Bajo;23.24;0;1;0;.46;-2.65;Destination_00;3.70;1.42;.00;1.00
Agent_0028;Adulto;Bajo;Bajo;23.24;0;0;1;.09;-3.63;Destination_00;8.38;.42;.00;1.00
Agent_0035;Adulto;Bajo;Bajo;23.24;0;0;1;.26;-3.61;Destination_00;4.68;.44;.00;1.00
Agent_0020;Adulto;Bajo;Bajo;24.25;0;1;0;-1.43;-1.70;Destination_00;5.66;3.06;.00;1.00
Agent_0020;Adulto;Bajo;Bajo;25.26;0;1;0;-.60;-2.27;Destination_00;6.67;2.05;.00;1.00
Agent_0020;Adulto;Bajo;Bajo;26.27;0;1;0;-.03;-3.02;Destination_00;7.68;1.04;.00;1.00
Agent_0020;Adulto;Bajo;Bajo;26.27;0;0;1;.09;-3.62;Destination_00;8.29;.43;.00;1.00
