Used Scenario Location;D:\EvacuationSimulator\Escenarios\cafeteria_propuesta02.sd
Simulation Execution Start Time;2019-07-17 11:34:01

Agente;Edad;Entrenamiento;ConocimientoDelEspacio;TiempoDeSimulacion;SinMoverse;Evacuando;Evacuado;PosiciónX;PosiciónY;SalidaEscogida;DistanciaRecorrida;DistanciaPorRecorrer;FactorDeNerviosismo;VelocidadDeseada
Agent_0000;Adulto;Alto;Alto;.00;1;0;0;.24;2.43;Destination_01;.00;6.14;.00;.00
Agent_0001;Adulto;Alto;Alto;.00;1;0;0;2.82;-2.90;Destination_00;.00;4.21;.00;.00
Agent_0002;Adulto;Alto;Alto;.00;1;0;0;1.10;-.36;Destination_00;.00;4.88;.00;.00
Agent_0003;Adulto;Alto;Alto;.00;1;0;0;.83;3.63;Destination_01;.00;7.46;.00;.00
Agent_0004;Adulto;Alto;Alto;.00;1;0;0;-2.54;-1.37;Destination_01;.00;2.70;.00;.00
Agent_0005;Adulto;Alto;Alto;.00;1;0;0;3.66;.04;Destination_00;.00;7.45;.00;.00
Agent_0006;Adulto;Alto;Alto;.00;1;0;0;-1.74;3.06;Destination_01;.00;5.04;.00;.00
Agent_0007;Adulto;Bajo;Bajo;.00;1;0;0;2.32;-1.62;Destination_00;.00;3.57;.00;.00
Agent_0008;Adulto;Bajo;Bajo;.00;1;0;0;-4.14;-1.18;Destination_00;.00;5.73;.00;.00
Agent_0009;Adulto;Bajo;Bajo;.00;1;0;0;3.76;-1.68;Destination_00;.00;5.11;.00;.00
Agent_0010;Adulto;Bajo;Bajo;.00;1;0;0;-2.15;-.86;Destination_01;.00;3.00;.00;.00
Agent_0011;Adulto;Bajo;Bajo;.00;1;0;0;1.33;-1.66;Destination_00;.00;2.77;.00;.00
Agent_0012;Adulto;Bajo;Bajo;.00;1;0;0;-4.04;-2.87;Destination_00;.00;6.26;.00;.00
Agent_0013;Adulto;Bajo;Bajo;.00;1;0;0;-1.27;-.03;Destination_01;.00;4.07;.00;.00
Agent_0014;Adulto;Bajo;Bajo;.00;1;0;0;-4.07;-.59;Destination_01;.00;1.28;.00;.00
Agent_0015;Adulto;Bajo;Bajo;.00;1;0;0;-4.04;-1.94;Destination_00;.00;5.79;.00;.00
Agent_0016;Adulto;Bajo;Bajo;.00;1;0;0;-3.22;-2.79;Destination_01;.00;4.36;.00;.00
Agent_0017;Adulto;Bajo;Bajo;.00;1;0;0;2.11;-3.35;Destination_00;.00;4.79;.00;.00
Agent_0018;Adulto;Bajo;Bajo;.00;1;0;0;-3.30;.00;Destination_01;.00;1.66;.00;.00
Agent_0019;Adulto;Bajo;Bajo;.00;1;0;0;-1.38;-2.37;Destination_00;.00;3.72;.00;.00
Agent_0020;Adulto;Bajo;Bajo;.00;1;0;0;-2.99;3.30;Destination_00;.00;8.75;.00;.00
Agent_0021;Adulto;Bajo;Bajo;.00;1;0;0;2.16;-2.60;Destination_00;.00;3.79;.00;.00
Agent_0022;Adulto;Bajo;Bajo;.00;1;0;0;-3.25;1.19;Destination_01;.00;2.47;.00;.00
Agent_0023;Adulto;Bajo;Bajo;.00;1;0;0;3.11;-1.62;Destination_00;.00;4.94;.00;.00
Agent_0024;Adulto;Bajo;Bajo;.00;1;0;0;-2.71;.63;Destination_01;.00;3.32;.00;.00
Agent_0025;Adulto;Bajo;Bajo;.00;1;0;0;-1.22;-.93;Destination_00;.00;3.55;.00;.00
Agent_0026;Adulto;Bajo;Bajo;.00;1;0;0;-3.17;-1.86;Destination_01;.00;2.92;.00;.00
Agent_0027;Adulto;Bajo;Bajo;.00;1;0;0;-1.38;-3.31;Destination_00;.00;3.71;.00;.00
Agent_0028;Adulto;Bajo;Bajo;.00;1;0;0;-3.82;.63;Destination_01;.00;1.06;.00;.00
Agent_0029;Adulto;Bajo;Bajo;.00;1;0;0;-2.14;.01;Destination_01;.00;2.87;.00;.00
Agent_0030;Adulto;Bajo;Bajo;.00;1;0;0;4.01;-3.16;Destination_00;.00;5.48;.00;.00
Agent_0031;Adulto;Bajo;Bajo;.00;1;0;0;-2.33;-3.28;Destination_01;.00;6.71;.00;.00
Agent_0032;Adulto;Bajo;Bajo;.00;1;0;0;.67;-1.61;Destination_00;.00;2.58;.00;.00
Agent_0033;Adulto;Bajo;Bajo;.00;1;0;0;-2.29;-2.40;Destination_01;.00;3.63;.00;.00
Agent_0034;Adulto;Bajo;Bajo;.00;1;0;0;1.25;-3.47;Destination_00;.00;3.20;.00;.00
Agent_0035;Adulto;Bajo;Bajo;.00;1;0;0;4.01;-2.42;Destination_00;.00;5.11;.00;.00
Agent_0000;Adulto;Alto;Alto;1.01;1;0;0;.24;2.43;Destination_01;.00;6.14;.00;.00
Agent_0001;Adulto;Alto;Alto;1.01;1;0;0;2.82;-2.90;Destination_00;.00;4.21;.00;.00
Agent_0002;Adulto;Alto;Alto;1.01;1;0;0;1.10;-.36;Destination_00;.00;4.88;.00;.00
Agent_0003;Adulto;Alto;Alto;1.01;1;0;0;.83;3.63;Destination_01;.00;7.46;.00;.00
Agent_0004;Adulto;Alto;Alto;1.01;1;0;0;-2.54;-1.37;Destination_01;.00;2.70;.00;.00
Agent_0005;Adulto;Alto;Alto;1.01;1;0;0;3.66;.04;Destination_00;.00;7.45;.00;.00
Agent_0006;Adulto;Alto;Alto;1.01;1;0;0;-1.74;3.06;Destination_01;.00;5.04;.00;.00
Agent_0007;Adulto;Bajo;Bajo;1.01;1;0;0;2.32;-1.62;Destination_00;.00;3.57;.00;.00
Agent_0008;Adulto;Bajo;Bajo;1.01;1;0;0;-4.14;-1.18;Destination_00;.00;5.73;.00;.00
Agent_0009;Adulto;Bajo;Bajo;1.01;1;0;0;3.76;-1.68;Destination_00;.00;5.11;.00;.00
Agent_0010;Adulto;Bajo;Bajo;1.01;1;0;0;-2.15;-.86;Destination_01;.00;3.00;.00;.00
Agent_0011;Adulto;Bajo;Bajo;1.01;1;0;0;1.33;-1.66;Destination_00;.00;2.77;.00;.00
Agent_0012;Adulto;Bajo;Bajo;1.01;1;0;0;-4.04;-2.87;Destination_00;.00;6.26;.00;.00
Agent_0013;Adulto;Bajo;Bajo;1.01;1;0;0;-1.27;-.03;Destination_01;.00;4.07;.00;.00
Agent_0014;Adulto;Bajo;Bajo;1.01;1;0;0;-4.07;-.59;Destination_01;.00;1.28;.00;.00
Agent_0015;Adulto;Bajo;Bajo;1.01;1;0;0;-4.04;-1.94;Destination_00;.00;5.79;.00;.00
Agent_0016;Adulto;Bajo;Bajo;1.01;1;0;0;-3.22;-2.79;Destination_01;.00;4.36;.00;.00
Agent_0017;Adulto;Bajo;Bajo;1.01;1;0;0;2.11;-3.35;Destination_00;.00;4.79;.00;.00
Agent_0018;Adulto;Bajo;Bajo;1.01;1;0;0;-3.30;.00;Destination_01;.00;1.66;.00;.00
Agent_0019;Adulto;Bajo;Bajo;1.01;1;0;0;-1.38;-2.37;Destination_00;.00;3.72;.00;.00
Agent_0020;Adulto;Bajo;Bajo;1.01;1;0;0;-2.99;3.30;Destination_00;.00;8.75;.00;.00
Agent_0021;Adulto;Bajo;Bajo;1.01;1;0;0;2.16;-2.60;Destination_00;.00;3.79;.00;.00
Agent_0022;Adulto;Bajo;Bajo;1.01;1;0;0;-3.25;1.19;Destination_01;.00;2.47;.00;.00
Agent_0023;Adulto;Bajo;Bajo;1.01;1;0;0;3.11;-1.62;Destination_00;.00;4.94;.00;.00
Agent_0024;Adulto;Bajo;Bajo;1.01;1;0;0;-2.71;.63;Destination_01;.00;3.32;.00;.00
Agent_0025;Adulto;Bajo;Bajo;1.01;1;0;0;-1.22;-.93;Destination_00;.00;3.55;.00;.00
Agent_0026;Adulto;Bajo;Bajo;1.01;1;0;0;-3.17;-1.86;Destination_01;.00;2.92;.00;.00
Agent_0027;Adulto;Bajo;Bajo;1.01;1;0;0;-1.38;-3.31;Destination_00;.00;3.71;.00;.00
Agent_0028;Adulto;Bajo;Bajo;1.01;1;0;0;-3.82;.63;Destination_01;.00;1.06;.00;.00
Agent_0029;Adulto;Bajo;Bajo;1.01;1;0;0;-2.14;.01;Destination_01;.00;2.87;.00;.00
Agent_0030;Adulto;Bajo;Bajo;1.01;1;0;0;4.01;-3.16;Destination_00;.00;5.48;.00;.00
Agent_0031;Adulto;Bajo;Bajo;1.01;1;0;0;-2.33;-3.28;Destination_01;.00;6.71;.00;.00
Agent_0032;Adulto;Bajo;Bajo;1.01;1;0;0;.67;-1.61;Destination_00;.00;2.58;.00;.00
Agent_0033;Adulto;Bajo;Bajo;1.01;1;0;0;-2.29;-2.40;Destination_01;.00;3.63;.00;.00
Agent_0034;Adulto;Bajo;Bajo;1.01;1;0;0;1.25;-3.47;Destination_00;.00;3.20;.00;.00
Agent_0035;Adulto;Bajo;Bajo;1.01;1;0;0;4.01;-2.42;Destination_00;.00;5.11;.00;.00
Agent_0000;Adulto;Alto;Alto;2.02;1;0;0;.24;2.43;Destination_01;.00;6.14;.00;1.00
Agent_0001;Adulto;Alto;Alto;2.02;1;0;0;2.82;-2.90;Destination_00;.00;4.21;.00;1.00
Agent_0002;Adulto;Alto;Alto;2.02;1;0;0;1.10;-.36;Destination_00;.00;4.88;.00;1.00
Agent_0003;Adulto;Alto;Alto;2.02;1;0;0;.83;3.63;Destination_01;.00;7.46;.00;1.00
Agent_0004;Adulto;Alto;Alto;2.02;1;0;0;-2.54;-1.37;Destination_01;.00;2.70;.00;1.00
Agent_0005;Adulto;Alto;Alto;2.02;1;0;0;3.66;.04;Destination_00;.00;7.45;.00;1.00
Agent_0006;Adulto;Alto;Alto;2.02;1;0;0;-1.74;3.06;Destination_01;.00;5.04;.00;1.00
Agent_0007;Adulto;Bajo;Bajo;2.02;1;0;0;2.32;-1.62;Destination_00;.00;3.57;.00;1.00
Agent_0008;Adulto;Bajo;Bajo;2.02;1;0;0;-4.14;-1.18;Destination_00;.00;5.73;.00;1.00
Agent_0009;Adulto;Bajo;Bajo;2.02;1;0;0;3.76;-1.68;Destination_00;.00;5.11;.00;1.00
Agent_0010;Adulto;Bajo;Bajo;2.02;1;0;0;-2.15;-.86;Destination_01;.00;3.00;.00;1.00
Agent_0011;Adulto;Bajo;Bajo;2.02;1;0;0;1.33;-1.66;Destination_00;.00;2.77;.00;1.00
Agent_0012;Adulto;Bajo;Bajo;2.02;1;0;0;-4.04;-2.87;Destination_00;.00;6.26;.00;1.00
Agent_0013;Adulto;Bajo;Bajo;2.02;1;0;0;-1.27;-.03;Destination_01;.00;4.07;.00;1.00
Agent_0014;Adulto;Bajo;Bajo;2.02;1;0;0;-4.07;-.59;Destination_01;.00;1.28;.00;1.00
Agent_0015;Adulto;Bajo;Bajo;2.02;1;0;0;-4.04;-1.94;Destination_00;.00;5.79;.00;1.00
Agent_0016;Adulto;Bajo;Bajo;2.02;1;0;0;-3.22;-2.79;Destination_01;.00;4.36;.00;1.00
Agent_0017;Adulto;Bajo;Bajo;2.02;1;0;0;2.11;-3.35;Destination_00;.00;4.79;.00;1.00
Agent_0018;Adulto;Bajo;Bajo;2.02;1;0;0;-3.30;.00;Destination_01;.00;1.66;.00;1.00
Agent_0019;Adulto;Bajo;Bajo;2.02;1;0;0;-1.38;-2.37;Destination_00;.00;3.72;.00;1.00
Agent_0020;Adulto;Bajo;Bajo;2.02;1;0;0;-2.99;3.30;Destination_00;.00;8.75;.00;1.00
Agent_0021;Adulto;Bajo;Bajo;2.02;1;0;0;2.16;-2.60;Destination_00;.00;3.79;.00;1.00
Agent_0022;Adulto;Bajo;Bajo;2.02;1;0;0;-3.25;1.19;Destination_01;.00;2.47;.00;1.00
Agent_0023;Adulto;Bajo;Bajo;2.02;1;0;0;3.11;-1.62;Destination_00;.00;4.94;.00;1.00
Agent_0024;Adulto;Bajo;Bajo;2.02;1;0;0;-2.71;.63;Destination_01;.00;3.32;.00;1.00
Agent_0025;Adulto;Bajo;Bajo;2.02;1;0;0;-1.22;-.93;Destination_00;.00;3.55;.00;1.00
Agent_0026;Adulto;Bajo;Bajo;2.02;1;0;0;-3.17;-1.86;Destination_01;.00;2.92;.00;1.00
Agent_0027;Adulto;Bajo;Bajo;2.02;1;0;0;-1.38;-3.31;Destination_00;.00;3.71;.00;1.00
Agent_0028;Adulto;Bajo;Bajo;2.02;1;0;0;-3.82;.63;Destination_01;.00;1.06;.00;1.00
Agent_0029;Adulto;Bajo;Bajo;2.02;1;0;0;-2.14;.01;Destination_01;.00;2.87;.00;1.00
Agent_0030;Adulto;Bajo;Bajo;2.02;1;0;0;4.01;-3.16;Destination_00;.00;5.48;.00;1.00
Agent_0031;Adulto;Bajo;Bajo;2.02;1;0;0;-2.33;-3.28;Destination_01;.00;6.71;.00;1.00
Agent_0032;Adulto;Bajo;Bajo;2.02;1;0;0;.67;-1.61;Destination_00;.00;2.58;.00;1.00
Agent_0033;Adulto;Bajo;Bajo;2.02;1;0;0;-2.29;-2.40;Destination_01;.00;3.63;.00;1.00
Agent_0034;Adulto;Bajo;Bajo;2.02;1;0;0;1.25;-3.47;Destination_00;.00;3.20;.00;1.00
Agent_0035;Adulto;Bajo;Bajo;2.02;1;0;0;4.01;-2.42;Destination_00;.00;5.11;.00;1.00
Agent_0000;Adulto;Alto;Alto;3.03;1;0;0;.24;2.43;Destination_01;.00;6.14;.00;1.00
Agent_0001;Adulto;Alto;Alto;3.03;1;0;0;2.82;-2.90;Destination_00;.00;4.21;.00;1.00
Agent_0002;Adulto;Alto;Alto;3.03;1;0;0;1.10;-.36;Destination_00;.00;4.88;.00;1.00
Agent_0003;Adulto;Alto;Alto;3.03;1;0;0;.83;3.63;Destination_01;.00;7.46;.00;1.00
Agent_0004;Adulto;Alto;Alto;3.03;1;0;0;-2.54;-1.37;Destination_01;.00;2.70;.00;1.00
Agent_0005;Adulto;Alto;Alto;3.03;1;0;0;3.66;.04;Destination_00;.00;7.45;.00;1.00
Agent_0006;Adulto;Alto;Alto;3.03;1;0;0;-1.74;3.06;Destination_01;.00;5.04;.00;1.00
Agent_0007;Adulto;Bajo;Bajo;3.03;1;0;0;2.32;-1.62;Destination_00;.00;3.57;.00;1.00
Agent_0008;Adulto;Bajo;Bajo;3.03;1;0;0;-4.14;-1.18;Destination_00;.00;5.73;.00;1.00
Agent_0009;Adulto;Bajo;Bajo;3.03;1;0;0;3.76;-1.68;Destination_00;.00;5.11;.00;1.00
Agent_0010;Adulto;Bajo;Bajo;3.03;1;0;0;-2.15;-.86;Destination_01;.00;3.00;.00;1.00
Agent_0011;Adulto;Bajo;Bajo;3.03;1;0;0;1.33;-1.66;Destination_00;.00;2.77;.00;1.00
Agent_0012;Adulto;Bajo;Bajo;3.03;1;0;0;-4.04;-2.87;Destination_00;.00;6.26;.00;1.00
Agent_0013;Adulto;Bajo;Bajo;3.03;1;0;0;-1.27;-.03;Destination_01;.00;4.07;.00;1.00
Agent_0014;Adulto;Bajo;Bajo;3.03;1;0;0;-4.07;-.59;Destination_01;.00;1.28;.00;1.00
Agent_0015;Adulto;Bajo;Bajo;3.03;1;0;0;-4.04;-1.94;Destination_00;.00;5.79;.00;1.00
Agent_0016;Adulto;Bajo;Bajo;3.03;1;0;0;-3.22;-2.79;Destination_01;.00;4.36;.00;1.00
Agent_0017;Adulto;Bajo;Bajo;3.03;1;0;0;2.11;-3.35;Destination_00;.00;4.79;.00;1.00
Agent_0018;Adulto;Bajo;Bajo;3.03;1;0;0;-3.30;.00;Destination_01;.00;1.66;.00;1.00
Agent_0019;Adulto;Bajo;Bajo;3.03;1;0;0;-1.38;-2.37;Destination_00;.00;3.72;.00;1.00
Agent_0020;Adulto;Bajo;Bajo;3.03;1;0;0;-2.99;3.30;Destination_00;.00;8.75;.00;1.00
Agent_0021;Adulto;Bajo;Bajo;3.03;1;0;0;2.16;-2.60;Destination_00;.00;3.79;.00;1.00
Agent_0022;Adulto;Bajo;Bajo;3.03;1;0;0;-3.25;1.19;Destination_01;.00;2.47;.00;1.00
Agent_0023;Adulto;Bajo;Bajo;3.03;1;0;0;3.11;-1.62;Destination_00;.00;4.94;.00;1.00
Agent_0024;Adulto;Bajo;Bajo;3.03;1;0;0;-2.71;.63;Destination_01;.00;3.32;.00;1.00
Agent_0025;Adulto;Bajo;Bajo;3.03;1;0;0;-1.22;-.93;Destination_00;.00;3.55;.00;1.00
Agent_0026;Adulto;Bajo;Bajo;3.03;1;0;0;-3.17;-1.86;Destination_01;.00;2.92;.00;1.00
Agent_0027;Adulto;Bajo;Bajo;3.03;1;0;0;-1.38;-3.31;Destination_00;.00;3.71;.00;1.00
Agent_0028;Adulto;Bajo;Bajo;3.03;1;0;0;-3.82;.63;Destination_01;.00;1.06;.00;1.00
Agent_0029;Adulto;Bajo;Bajo;3.03;1;0;0;-2.14;.01;Destination_01;.00;2.87;.00;1.00
Agent_0030;Adulto;Bajo;Bajo;3.03;1;0;0;4.01;-3.16;Destination_00;.00;5.48;.00;1.00
Agent_0031;Adulto;Bajo;Bajo;3.03;1;0;0;-2.33;-3.28;Destination_01;.00;6.71;.00;1.00
Agent_0032;Adulto;Bajo;Bajo;3.03;1;0;0;.67;-1.61;Destination_00;.00;2.58;.00;1.00
Agent_0033;Adulto;Bajo;Bajo;3.03;1;0;0;-2.29;-2.40;Destination_01;.00;3.63;.00;1.00
Agent_0034;Adulto;Bajo;Bajo;3.03;1;0;0;1.25;-3.47;Destination_00;.00;3.20;.00;1.00
Agent_0035;Adulto;Bajo;Bajo;3.03;1;0;0;4.01;-2.42;Destination_00;.00;5.11;.00;1.00
Agent_0000;Adulto;Alto;Alto;4.04;1;0;0;.24;2.43;Destination_01;.00;6.14;.00;1.00
Agent_0001;Adulto;Alto;Alto;4.04;1;0;0;2.82;-2.90;Destination_00;.00;4.21;.00;1.00
Agent_0002;Adulto;Alto;Alto;4.04;1;0;0;1.10;-.36;Destination_00;.00;4.88;.00;1.00
Agent_0003;Adulto;Alto;Alto;4.04;1;0;0;.83;3.63;Destination_01;.00;7.46;.00;1.00
Agent_0004;Adulto;Alto;Alto;4.04;1;0;0;-2.54;-1.37;Destination_01;.00;2.70;.00;1.00
Agent_0005;Adulto;Alto;Alto;4.04;1;0;0;3.66;.04;Destination_00;.00;7.45;.00;1.00
Agent_0006;Adulto;Alto;Alto;4.04;1;0;0;-1.74;3.06;Destination_01;.00;5.04;.00;1.00
Agent_0007;Adulto;Bajo;Bajo;4.04;1;0;0;2.32;-1.62;Destination_00;.00;3.57;.00;1.00
Agent_0008;Adulto;Bajo;Bajo;4.04;1;0;0;-4.14;-1.18;Destination_00;.00;5.73;.00;1.00
Agent_0009;Adulto;Bajo;Bajo;4.04;1;0;0;3.76;-1.68;Destination_00;.00;5.11;.00;1.00
Agent_0010;Adulto;Bajo;Bajo;4.04;1;0;0;-2.15;-.86;Destination_01;.00;3.00;.00;1.00
Agent_0011;Adulto;Bajo;Bajo;4.04;1;0;0;1.33;-1.66;Destination_00;.00;2.77;.00;1.00
Agent_0012;Adulto;Bajo;Bajo;4.04;1;0;0;-4.04;-2.87;Destination_00;.00;6.26;.00;1.00
Agent_0013;Adulto;Bajo;Bajo;4.04;1;0;0;-1.27;-.03;Destination_01;.00;4.07;.00;1.00
Agent_0014;Adulto;Bajo;Bajo;4.04;1;0;0;-4.07;-.59;Destination_01;.00;1.28;.00;1.00
Agent_0015;Adulto;Bajo;Bajo;4.04;1;0;0;-4.04;-1.94;Destination_00;.00;5.79;.00;1.00
Agent_0016;Adulto;Bajo;Bajo;4.04;1;0;0;-3.22;-2.79;Destination_01;.00;4.36;.00;1.00
Agent_0017;Adulto;Bajo;Bajo;4.04;1;0;0;2.11;-3.35;Destination_00;.00;4.79;.00;1.00
Agent_0018;Adulto;Bajo;Bajo;4.04;1;0;0;-3.30;.00;Destination_01;.00;1.66;.00;1.00
Agent_0019;Adulto;Bajo;Bajo;4.04;1;0;0;-1.38;-2.37;Destination_00;.00;3.72;.00;1.00
Agent_0020;Adulto;Bajo;Bajo;4.04;1;0;0;-2.99;3.30;Destination_00;.00;8.75;.00;1.00
Agent_0021;Adulto;Bajo;Bajo;4.04;1;0;0;2.16;-2.60;Destination_00;.00;3.79;.00;1.00
Agent_0022;Adulto;Bajo;Bajo;4.04;1;0;0;-3.25;1.19;Destination_01;.00;2.47;.00;1.00
Agent_0023;Adulto;Bajo;Bajo;4.04;1;0;0;3.11;-1.62;Destination_00;.00;4.94;.00;1.00
Agent_0024;Adulto;Bajo;Bajo;4.04;1;0;0;-2.71;.63;Destination_01;.00;3.32;.00;1.00
Agent_0025;Adulto;Bajo;Bajo;4.04;1;0;0;-1.22;-.93;Destination_00;.00;3.55;.00;1.00
Agent_0026;Adulto;Bajo;Bajo;4.04;1;0;0;-3.17;-1.86;Destination_01;.00;2.92;.00;1.00
Agent_0027;Adulto;Bajo;Bajo;4.04;1;0;0;-1.38;-3.31;Destination_00;.00;3.71;.00;1.00
Agent_0028;Adulto;Bajo;Bajo;4.04;1;0;0;-3.82;.63;Destination_01;.00;1.06;.00;1.00
Agent_0029;Adulto;Bajo;Bajo;4.04;1;0;0;-2.14;.01;Destination_01;.00;2.87;.00;1.00
Agent_0030;Adulto;Bajo;Bajo;4.04;1;0;0;4.01;-3.16;Destination_00;.00;5.48;.00;1.00
Agent_0031;Adulto;Bajo;Bajo;4.04;1;0;0;-2.33;-3.28;Destination_01;.00;6.71;.00;1.00
Agent_0032;Adulto;Bajo;Bajo;4.04;1;0;0;.67;-1.61;Destination_00;.00;2.58;.00;1.00
Agent_0033;Adulto;Bajo;Bajo;4.04;1;0;0;-2.29;-2.40;Destination_01;.00;3.63;.00;1.00
Agent_0034;Adulto;Bajo;Bajo;4.04;1;0;0;1.25;-3.47;Destination_00;.00;3.20;.00;1.00
Agent_0035;Adulto;Bajo;Bajo;4.04;1;0;0;4.01;-2.42;Destination_00;.00;5.11;.00;1.00
Agent_0000;Adulto;Alto;Alto;5.05;1;0;0;.24;2.43;Destination_01;.00;6.14;.00;1.00
Agent_0001;Adulto;Alto;Alto;5.05;1;0;0;2.82;-2.90;Destination_00;.00;4.21;.00;1.00
Agent_0002;Adulto;Alto;Alto;5.05;1;0;0;1.10;-.36;Destination_00;.00;4.88;.00;1.00
Agent_0003;Adulto;Alto;Alto;5.05;1;0;0;.83;3.63;Destination_01;.00;7.46;.00;1.00
Agent_0004;Adulto;Alto;Alto;5.05;1;0;0;-2.54;-1.37;Destination_01;.00;2.70;.00;1.00
Agent_0005;Adulto;Alto;Alto;5.05;0;1;0;3.47;.02;Destination_00;.17;7.29;.00;1.00
Agent_0006;Adulto;Alto;Alto;5.05;1;0;0;-1.74;3.06;Destination_01;.00;5.04;.00;1.00
Agent_0007;Adulto;Bajo;Bajo;5.05;1;0;0;2.32;-1.62;Destination_00;.00;3.57;.00;1.00
Agent_0008;Adulto;Bajo;Bajo;5.05;1;0;0;-4.14;-1.18;Destination_00;.00;5.73;.00;1.00
Agent_0009;Adulto;Bajo;Bajo;5.05;1;0;0;3.76;-1.68;Destination_00;.00;5.11;.00;1.00
Agent_0010;Adulto;Bajo;Bajo;5.05;1;0;0;-2.15;-.86;Destination_01;.00;3.00;.00;1.00
Agent_0011;Adulto;Bajo;Bajo;5.05;1;0;0;1.33;-1.66;Destination_00;.00;2.77;.00;1.00
Agent_0012;Adulto;Bajo;Bajo;5.05;1;0;0;-4.04;-2.87;Destination_00;.00;6.26;.00;1.00
Agent_0013;Adulto;Bajo;Bajo;5.05;1;0;0;-1.27;-.03;Destination_01;.00;4.07;.00;1.00
Agent_0014;Adulto;Bajo;Bajo;5.05;1;0;0;-4.07;-.59;Destination_01;.00;1.28;.00;1.00
Agent_0015;Adulto;Bajo;Bajo;5.05;1;0;0;-4.04;-1.94;Destination_00;.00;5.79;.00;1.00
Agent_0016;Adulto;Bajo;Bajo;5.05;1;0;0;-3.22;-2.79;Destination_01;.00;4.36;.00;1.00
Agent_0017;Adulto;Bajo;Bajo;5.05;1;0;0;2.11;-3.35;Destination_00;.00;4.79;.00;1.00
Agent_0018;Adulto;Bajo;Bajo;5.05;1;0;0;-3.30;.00;Destination_01;.00;1.66;.00;1.00
Agent_0019;Adulto;Bajo;Bajo;5.05;1;0;0;-1.38;-2.37;Destination_00;.00;3.72;.00;1.00
Agent_0020;Adulto;Bajo;Bajo;5.05;1;0;0;-2.99;3.30;Destination_00;.00;8.75;.00;1.00
Agent_0021;Adulto;Bajo;Bajo;5.05;1;0;0;2.16;-2.60;Destination_00;.00;3.79;.00;1.00
Agent_0022;Adulto;Bajo;Bajo;5.05;1;0;0;-3.25;1.19;Destination_01;.00;2.47;.00;1.00
Agent_0023;Adulto;Bajo;Bajo;5.05;1;0;0;3.11;-1.62;Destination_00;.00;4.94;.00;1.00
Agent_0024;Adulto;Bajo;Bajo;5.05;1;0;0;-2.71;.63;Destination_01;.00;3.32;.00;1.00
Agent_0025;Adulto;Bajo;Bajo;5.05;1;0;0;-1.22;-.93;Destination_00;.00;3.55;.00;1.00
Agent_0026;Adulto;Bajo;Bajo;5.05;1;0;0;-3.17;-1.86;Destination_01;.00;2.92;.00;1.00
Agent_0027;Adulto;Bajo;Bajo;5.05;1;0;0;-1.38;-3.31;Destination_00;.00;3.71;.00;1.00
Agent_0028;Adulto;Bajo;Bajo;5.05;1;0;0;-3.82;.63;Destination_01;.00;1.06;.00;1.00
Agent_0029;Adulto;Bajo;Bajo;5.05;1;0;0;-2.14;.01;Destination_01;.00;2.87;.00;1.00
Agent_0030;Adulto;Bajo;Bajo;5.05;1;0;0;4.01;-3.16;Destination_00;.00;5.48;.00;1.00
Agent_0031;Adulto;Bajo;Bajo;5.05;1;0;0;-2.33;-3.28;Destination_01;.00;6.71;.00;1.00
Agent_0032;Adulto;Bajo;Bajo;5.05;1;0;0;.67;-1.61;Destination_00;.00;2.58;.00;1.00
Agent_0033;Adulto;Bajo;Bajo;5.05;1;0;0;-2.29;-2.40;Destination_01;.00;3.63;.00;1.00
Agent_0034;Adulto;Bajo;Bajo;5.05;1;0;0;1.25;-3.47;Destination_00;.00;3.20;.00;1.00
Agent_0035;Adulto;Bajo;Bajo;5.05;1;0;0;4.01;-2.42;Destination_00;.00;5.11;.00;1.00
Agent_0000;Adulto;Alto;Alto;6.07;1;0;0;.24;2.43;Destination_01;.00;6.14;.00;1.00
Agent_0001;Adulto;Alto;Alto;6.07;1;0;0;2.82;-2.90;Destination_00;.00;4.21;.00;1.00
Agent_0002;Adulto;Alto;Alto;6.07;1;0;0;1.10;-.36;Destination_00;.00;4.88;.00;1.00
Agent_0003;Adulto;Alto;Alto;6.07;1;0;0;.83;3.63;Destination_01;.00;7.46;.00;1.00
Agent_0004;Adulto;Alto;Alto;6.07;0;1;0;-2.73;-1.20;Destination_01;.23;2.46;.00;1.00
Agent_0005;Adulto;Alto;Alto;6.07;0;1;0;2.47;-.10;Destination_00;1.18;6.27;.00;1.00
Agent_0006;Adulto;Alto;Alto;6.07;1;0;0;-1.74;3.06;Destination_01;.00;5.04;.00;1.00
Agent_0007;Adulto;Bajo;Bajo;6.07;1;0;0;2.32;-1.62;Destination_00;.00;3.57;.00;1.00
Agent_0008;Adulto;Bajo;Bajo;6.07;1;0;0;-4.14;-1.18;Destination_00;.00;5.73;.00;1.00
Agent_0009;Adulto;Bajo;Bajo;6.07;1;0;0;3.76;-1.68;Destination_00;.00;5.11;.00;1.00
Agent_0010;Adulto;Bajo;Bajo;6.07;1;0;0;-2.15;-.86;Destination_01;.00;3.00;.00;1.00
Agent_0011;Adulto;Bajo;Bajo;6.07;1;0;0;1.33;-1.66;Destination_00;.00;2.77;.00;1.00
Agent_0012;Adulto;Bajo;Bajo;6.07;1;0;0;-4.04;-2.87;Destination_00;.00;6.26;.00;1.00
Agent_0013;Adulto;Bajo;Bajo;6.07;1;0;0;-1.27;-.03;Destination_01;.00;4.07;.00;1.00
Agent_0014;Adulto;Bajo;Bajo;6.07;1;0;0;-4.07;-.59;Destination_01;.00;1.28;.00;1.00
Agent_0015;Adulto;Bajo;Bajo;6.07;1;0;0;-4.04;-1.94;Destination_00;.00;5.79;.00;1.00
Agent_0016;Adulto;Bajo;Bajo;6.07;1;0;0;-3.22;-2.79;Destination_01;.00;4.36;.00;1.00
Agent_0017;Adulto;Bajo;Bajo;6.07;1;0;0;2.11;-3.35;Destination_00;.00;4.79;.00;1.00
Agent_0018;Adulto;Bajo;Bajo;6.07;1;0;0;-3.30;.00;Destination_01;.00;1.66;.00;1.00
Agent_0019;Adulto;Bajo;Bajo;6.07;1;0;0;-1.38;-2.37;Destination_00;.00;3.72;.00;1.00
Agent_0020;Adulto;Bajo;Bajo;6.07;1;0;0;-2.99;3.30;Destination_00;.00;8.75;.00;1.00
Agent_0021;Adulto;Bajo;Bajo;6.07;1;0;0;2.16;-2.60;Destination_00;.00;3.79;.00;1.00
Agent_0022;Adulto;Bajo;Bajo;6.07;1;0;0;-3.25;1.19;Destination_01;.00;2.47;.00;1.00
Agent_0023;Adulto;Bajo;Bajo;6.07;1;0;0;3.11;-1.62;Destination_00;.00;4.94;.00;1.00
Agent_0024;Adulto;Bajo;Bajo;6.07;1;0;0;-2.71;.63;Destination_01;.00;3.32;.00;1.00
Agent_0025;Adulto;Bajo;Bajo;6.07;1;0;0;-1.22;-.93;Destination_00;.00;3.55;.00;1.00
Agent_0026;Adulto;Bajo;Bajo;6.07;1;0;0;-3.17;-1.86;Destination_01;.00;2.92;.00;1.00
Agent_0027;Adulto;Bajo;Bajo;6.07;1;0;0;-1.38;-3.31;Destination_00;.00;3.71;.00;1.00
Agent_0028;Adulto;Bajo;Bajo;6.07;1;0;0;-3.82;.63;Destination_01;.00;1.06;.00;1.00
Agent_0029;Adulto;Bajo;Bajo;6.07;1;0;0;-2.14;.01;Destination_01;.00;2.87;.00;1.00
Agent_0030;Adulto;Bajo;Bajo;6.07;1;0;0;4.01;-3.16;Destination_00;.00;5.48;.00;1.00
Agent_0031;Adulto;Bajo;Bajo;6.07;1;0;0;-2.33;-3.28;Destination_01;.00;6.71;.00;1.00
Agent_0032;Adulto;Bajo;Bajo;6.07;1;0;0;.67;-1.61;Destination_00;.00;2.58;.00;1.00
Agent_0033;Adulto;Bajo;Bajo;6.07;1;0;0;-2.29;-2.40;Destination_01;.00;3.63;.00;1.00
Agent_0034;Adulto;Bajo;Bajo;6.07;1;0;0;1.25;-3.47;Destination_00;.00;3.20;.00;1.00
Agent_0035;Adulto;Bajo;Bajo;6.07;1;0;0;4.01;-2.42;Destination_00;.00;5.11;.00;1.00
Agent_0000;Adulto;Alto;Alto;7.08;1;0;0;.24;2.43;Destination_01;.00;6.14;.00;1.00
Agent_0001;Adulto;Alto;Alto;7.08;1;0;0;2.82;-2.90;Destination_00;.00;4.21;.00;1.00
Agent_0002;Adulto;Alto;Alto;7.08;0;1;0;.72;-.37;Destination_00;.37;4.51;.00;1.00
Agent_0003;Adulto;Alto;Alto;7.08;1;0;0;.83;3.63;Destination_01;.00;7.46;.00;1.00
Agent_0004;Adulto;Alto;Alto;7.08;0;1;0;-3.49;-.54;Destination_01;1.25;1.45;.00;1.00
Agent_0005;Adulto;Alto;Alto;7.08;0;1;0;1.46;-.23;Destination_00;2.19;5.26;.00;1.00
Agent_0006;Adulto;Alto;Alto;7.08;1;0;0;-1.74;3.06;Destination_01;.00;5.04;.00;1.00
Agent_0007;Adulto;Bajo;Bajo;7.08;1;0;0;2.32;-1.62;Destination_00;.00;3.57;.00;1.00
Agent_0008;Adulto;Bajo;Bajo;7.08;1;0;0;-4.14;-1.18;Destination_00;.00;5.73;.00;1.00
Agent_0009;Adulto;Bajo;Bajo;7.08;1;0;0;3.76;-1.68;Destination_00;.00;5.11;.00;1.00
Agent_0010;Adulto;Bajo;Bajo;7.08;1;0;0;-2.15;-.86;Destination_01;.00;3.00;.00;1.00
Agent_0011;Adulto;Bajo;Bajo;7.08;1;0;0;1.33;-1.66;Destination_00;.00;2.77;.00;1.00
Agent_0012;Adulto;Bajo;Bajo;7.08;1;0;0;-4.04;-2.87;Destination_00;.00;6.26;.00;1.00
Agent_0013;Adulto;Bajo;Bajo;7.08;1;0;0;-1.27;-.03;Destination_01;.00;4.07;.00;1.00
Agent_0014;Adulto;Bajo;Bajo;7.08;1;0;0;-4.07;-.59;Destination_01;.00;1.28;.00;1.00
Agent_0015;Adulto;Bajo;Bajo;7.08;1;0;0;-4.04;-1.94;Destination_00;.00;5.79;.00;1.00
Agent_0016;Adulto;Bajo;Bajo;7.08;1;0;0;-3.22;-2.79;Destination_01;.00;4.36;.00;1.00
Agent_0017;Adulto;Bajo;Bajo;7.08;1;0;0;2.11;-3.35;Destination_00;.00;4.79;.00;1.00
Agent_0018;Adulto;Bajo;Bajo;7.08;1;0;0;-3.30;.00;Destination_01;.00;1.66;.00;1.00
Agent_0019;Adulto;Bajo;Bajo;7.08;1;0;0;-1.38;-2.37;Destination_00;.00;3.72;.00;1.00
Agent_0020;Adulto;Bajo;Bajo;7.08;1;0;0;-2.99;3.30;Destination_00;.00;8.75;.00;1.00
Agent_0021;Adulto;Bajo;Bajo;7.08;1;0;0;2.16;-2.60;Destination_00;.00;3.79;.00;1.00
Agent_0022;Adulto;Bajo;Bajo;7.08;1;0;0;-3.25;1.19;Destination_01;.00;2.47;.00;1.00
Agent_0023;Adulto;Bajo;Bajo;7.08;1;0;0;3.11;-1.62;Destination_00;.00;4.94;.00;1.00
Agent_0024;Adulto;Bajo;Bajo;7.08;1;0;0;-2.71;.63;Destination_01;.00;3.32;.00;1.00
Agent_0025;Adulto;Bajo;Bajo;7.08;1;0;0;-1.22;-.93;Destination_00;.00;3.55;.00;1.00
Agent_0026;Adulto;Bajo;Bajo;7.08;1;0;0;-3.17;-1.86;Destination_01;.00;2.92;.00;1.00
Agent_0027;Adulto;Bajo;Bajo;7.08;1;0;0;-1.38;-3.31;Destination_00;.00;3.71;.00;1.00
Agent_0028;Adulto;Bajo;Bajo;7.08;1;0;0;-3.82;.63;Destination_01;.00;1.06;.00;1.00
Agent_0029;Adulto;Bajo;Bajo;7.08;1;0;0;-2.14;.01;Destination_01;.00;2.87;.00;1.00
Agent_0030;Adulto;Bajo;Bajo;7.08;1;0;0;4.01;-3.16;Destination_00;.00;5.48;.00;1.00
Agent_0031;Adulto;Bajo;Bajo;7.08;1;0;0;-2.33;-3.28;Destination_01;.00;6.71;.00;1.00
Agent_0032;Adulto;Bajo;Bajo;7.08;1;0;0;.67;-1.61;Destination_00;.00;2.58;.00;1.00
Agent_0033;Adulto;Bajo;Bajo;7.08;1;0;0;-2.29;-2.40;Destination_01;.00;3.63;.00;1.00
Agent_0034;Adulto;Bajo;Bajo;7.08;1;0;0;1.25;-3.47;Destination_00;.00;3.20;.00;1.00
Agent_0035;Adulto;Bajo;Bajo;7.08;1;0;0;4.01;-2.42;Destination_00;.00;5.11;.00;1.00
Agent_0000;Adulto;Alto;Alto;8.09;1;0;0;.24;2.43;Destination_01;.00;6.14;.00;1.00
Agent_0001;Adulto;Alto;Alto;8.09;0;1;0;2.74;-2.80;Destination_00;.12;4.10;.00;1.00
Agent_0002;Adulto;Alto;Alto;8.09;0;1;0;-.16;-.50;Destination_00;1.27;3.59;.00;1.00
Agent_0003;Adulto;Alto;Alto;8.09;0;1;0;.77;3.48;Destination_01;.15;7.31;.00;1.00
Agent_0004;Adulto;Alto;Alto;8.09;0;1;0;-4.08;.04;Destination_01;2.13;.67;.00;1.00
Agent_0005;Adulto;Alto;Alto;8.09;0;1;0;.46;-.35;Destination_00;3.20;4.25;.00;1.00
Agent_0006;Adulto;Alto;Alto;8.09;1;0;0;-1.74;3.06;Destination_01;.00;5.04;.00;1.00
Agent_0007;Adulto;Bajo;Bajo;8.09;1;0;0;2.32;-1.62;Destination_00;.00;3.57;.00;1.00
Agent_0008;Adulto;Bajo;Bajo;8.09;1;0;0;-4.14;-1.18;Destination_00;.00;5.73;.00;1.00
Agent_0009;Adulto;Bajo;Bajo;8.09;1;0;0;3.76;-1.68;Destination_00;.00;5.11;.00;1.00
Agent_0010;Adulto;Bajo;Bajo;8.09;1;0;0;-2.15;-.86;Destination_01;.00;3.00;.00;1.00
Agent_0011;Adulto;Bajo;Bajo;8.09;1;0;0;1.33;-1.66;Destination_00;.00;2.77;.00;1.00
Agent_0012;Adulto;Bajo;Bajo;8.09;1;0;0;-4.04;-2.87;Destination_00;.00;6.26;.00;1.00
Agent_0013;Adulto;Bajo;Bajo;8.09;1;0;0;-1.27;-.03;Destination_01;.00;4.07;.00;1.00
Agent_0014;Adulto;Bajo;Bajo;8.09;1;0;0;-4.15;-.44;Destination_01;.33;1.20;.19;1.18
Agent_0015;Adulto;Bajo;Bajo;8.09;1;0;0;-4.04;-1.94;Destination_00;.00;5.79;.00;1.00
Agent_0016;Adulto;Bajo;Bajo;8.09;1;0;0;-3.22;-2.79;Destination_01;.00;4.36;.00;1.00
Agent_0017;Adulto;Bajo;Bajo;8.09;1;0;0;2.11;-3.35;Destination_00;.00;4.79;.00;1.00
Agent_0018;Adulto;Bajo;Bajo;8.09;1;0;0;-3.57;-.21;Destination_01;.44;1.23;.00;1.00
Agent_0019;Adulto;Bajo;Bajo;8.09;1;0;0;-1.38;-2.37;Destination_00;.00;3.72;.00;1.00
Agent_0020;Adulto;Bajo;Bajo;8.09;1;0;0;-2.99;3.30;Destination_00;.00;8.75;.00;1.00
Agent_0021;Adulto;Bajo;Bajo;8.09;1;0;0;2.16;-2.60;Destination_00;.00;3.79;.00;1.00
Agent_0022;Adulto;Bajo;Bajo;8.09;1;0;0;-3.25;1.19;Destination_01;.00;2.47;.00;1.00
Agent_0023;Adulto;Bajo;Bajo;8.09;1;0;0;3.11;-1.62;Destination_00;.00;4.94;.00;1.00
Agent_0024;Adulto;Bajo;Bajo;8.09;1;0;0;-2.71;.63;Destination_01;.00;3.32;.00;1.00
Agent_0025;Adulto;Bajo;Bajo;8.09;1;0;0;-1.22;-.93;Destination_00;.00;3.55;.00;1.00
Agent_0026;Adulto;Bajo;Bajo;8.09;1;0;0;-3.17;-1.86;Destination_01;.00;2.92;.00;1.00
Agent_0027;Adulto;Bajo;Bajo;8.09;1;0;0;-1.38;-3.31;Destination_00;.00;3.71;.00;1.00
Agent_0028;Adulto;Bajo;Bajo;8.09;1;0;0;-3.82;.63;Destination_01;.00;1.06;.00;1.00
Agent_0029;Adulto;Bajo;Bajo;8.09;1;0;0;-2.14;.01;Destination_01;.00;2.87;.00;1.00
Agent_0030;Adulto;Bajo;Bajo;8.09;1;0;0;4.01;-3.16;Destination_00;.00;5.48;.00;1.00
Agent_0031;Adulto;Bajo;Bajo;8.09;1;0;0;-2.33;-3.28;Destination_01;.00;6.71;.00;1.00
Agent_0032;Adulto;Bajo;Bajo;8.09;1;0;0;.67;-1.61;Destination_00;.00;2.58;.00;1.00
Agent_0033;Adulto;Bajo;Bajo;8.09;1;0;0;-2.29;-2.40;Destination_01;.00;3.63;.00;1.00
Agent_0034;Adulto;Bajo;Bajo;8.09;1;0;0;1.25;-3.47;Destination_00;.00;3.20;.00;1.00
Agent_0035;Adulto;Bajo;Bajo;8.09;1;0;0;4.01;-2.42;Destination_00;.00;5.11;.00;1.00
Agent_0004;Adulto;Alto;Alto;8.09;0;0;1;-4.31;.08;Destination_01;2.36;.45;.00;1.00
Agent_0014;Adulto;Bajo;Bajo;8.09;0;0;1;-4.44;-.13;Destination_01;.95;.43;.30;1.27
Agent_0000;Adulto;Alto;Alto;9.10;1;0;0;.18;2.10;Destination_01;.33;5.81;.00;1.00
Agent_0001;Adulto;Alto;Alto;9.10;0;1;0;2.25;-2.43;Destination_00;.84;3.48;.00;1.00
Agent_0002;Adulto;Alto;Alto;9.10;0;1;0;-.18;-1.22;Destination_00;2.02;2.84;.00;1.00
Agent_0003;Adulto;Alto;Alto;9.10;0;1;0;.40;2.54;Destination_01;1.15;6.30;.00;1.00
Agent_0005;Adulto;Alto;Alto;9.10;0;1;0;-.24;-.66;Destination_00;4.03;3.41;.00;1.00
Agent_0006;Adulto;Alto;Alto;9.10;0;1;0;-1.66;2.55;Destination_01;.50;4.54;.00;1.00
Agent_0007;Adulto;Bajo;Bajo;9.10;1;0;0;2.32;-1.62;Destination_00;.00;3.57;.00;1.00
Agent_0008;Adulto;Bajo;Bajo;9.10;1;0;0;-4.14;-1.18;Destination_00;.00;5.73;.00;1.00
Agent_0009;Adulto;Bajo;Bajo;9.10;1;0;0;3.76;-1.68;Destination_00;.00;5.11;.00;1.00
Agent_0010;Adulto;Bajo;Bajo;9.10;1;0;0;-2.15;-.86;Destination_01;.00;3.00;.00;1.00
Agent_0011;Adulto;Bajo;Bajo;9.10;1;0;0;1.33;-1.66;Destination_00;.00;2.77;.00;1.00
Agent_0012;Adulto;Bajo;Bajo;9.10;1;0;0;-4.04;-2.87;Destination_00;.00;6.26;.00;1.00
Agent_0013;Adulto;Bajo;Bajo;9.10;1;0;0;-1.27;-.03;Destination_01;.00;4.07;.00;1.00
Agent_0015;Adulto;Bajo;Bajo;9.10;1;0;0;-4.04;-1.94;Destination_00;.00;5.79;.00;1.00
Agent_0016;Adulto;Bajo;Bajo;9.10;1;0;0;-3.22;-2.79;Destination_01;.00;4.36;.00;1.00
Agent_0017;Adulto;Bajo;Bajo;9.10;1;0;0;2.11;-3.35;Destination_00;.00;4.79;.00;1.00
Agent_0018;Adulto;Bajo;Bajo;9.10;1;0;0;-4.26;.00;Destination_01;1.27;.51;.00;1.00
Agent_0019;Adulto;Bajo;Bajo;9.10;1;0;0;-1.38;-2.37;Destination_00;.00;3.72;.00;1.00
Agent_0020;Adulto;Bajo;Bajo;9.10;1;0;0;-2.99;3.30;Destination_00;.00;8.75;.00;1.00
Agent_0021;Adulto;Bajo;Bajo;9.10;1;0;0;1.78;-2.27;Destination_00;.68;2.89;.00;1.00
Agent_0022;Adulto;Bajo;Bajo;9.10;1;0;0;-3.25;1.19;Destination_01;.00;2.47;.00;1.00
Agent_0023;Adulto;Bajo;Bajo;9.10;1;0;0;3.11;-1.62;Destination_00;.00;4.94;.00;1.00
Agent_0024;Adulto;Bajo;Bajo;9.10;1;0;0;-2.71;.63;Destination_01;.00;3.32;.00;1.00
Agent_0025;Adulto;Bajo;Bajo;9.10;1;0;0;-1.22;-.93;Destination_00;.00;3.55;.00;1.00
Agent_0026;Adulto;Bajo;Bajo;9.10;1;0;0;-3.17;-1.86;Destination_01;.00;2.92;.00;1.00
Agent_0027;Adulto;Bajo;Bajo;9.10;1;0;0;-1.38;-3.31;Destination_00;.00;3.71;.00;1.00
Agent_0028;Adulto;Bajo;Bajo;9.10;1;0;0;-3.82;.63;Destination_01;.00;1.06;.00;1.00
Agent_0029;Adulto;Bajo;Bajo;9.10;1;0;0;-2.14;.01;Destination_01;.00;2.87;.00;1.00
Agent_0030;Adulto;Bajo;Bajo;9.10;1;0;0;4.01;-3.16;Destination_00;.00;5.48;.00;1.00
Agent_0031;Adulto;Bajo;Bajo;9.10;1;0;0;-2.33;-3.28;Destination_01;.00;6.71;.00;1.00
Agent_0032;Adulto;Bajo;Bajo;9.10;1;0;0;.67;-1.61;Destination_00;.00;2.58;.00;1.00
Agent_0033;Adulto;Bajo;Bajo;9.10;1;0;0;-2.29;-2.40;Destination_01;.00;3.63;.00;1.00
Agent_0034;Adulto;Bajo;Bajo;9.10;1;0;0;1.25;-3.47;Destination_00;.00;3.20;.00;1.00
Agent_0035;Adulto;Bajo;Bajo;9.10;1;0;0;4.01;-2.42;Destination_00;.00;5.11;.00;1.00
Agent_0018;Adulto;Bajo;Bajo;9.10;0;0;1;-4.34;.03;Destination_01;1.35;.43;.00;1.00
Agent_0000;Adulto;Alto;Alto;10.12;0;1;0;-.57;1.72;Destination_01;1.30;4.83;.00;1.00
Agent_0001;Adulto;Alto;Alto;10.12;0;1;0;1.51;-2.18;Destination_00;1.72;2.59;.00;1.00
Agent_0002;Adulto;Alto;Alto;10.12;0;1;0;-.07;-2.11;Destination_00;2.92;1.94;.00;1.00
Agent_0003;Adulto;Alto;Alto;10.12;0;1;0;.06;1.82;Destination_01;1.98;5.47;.00;1.00
Agent_0005;Adulto;Alto;Alto;10.12;0;1;0;-.15;-1.38;Destination_00;4.76;2.67;.00;1.00
Agent_0006;Adulto;Alto;Alto;10.12;0;1;0;-1.90;1.71;Destination_01;1.51;3.51;.00;1.00
Agent_0007;Adulto;Bajo;Bajo;10.12;1;0;0;2.32;-1.62;Destination_00;.00;3.57;.00;1.00
Agent_0008;Adulto;Bajo;Bajo;10.12;1;0;0;-4.14;-1.18;Destination_00;.00;5.73;.00;1.00
Agent_0009;Adulto;Bajo;Bajo;10.12;1;0;0;3.76;-1.68;Destination_00;.00;5.11;.00;1.00
Agent_0010;Adulto;Bajo;Bajo;10.12;1;0;0;-2.15;-.86;Destination_01;.00;3.00;.00;1.00
Agent_0011;Adulto;Bajo;Bajo;10.12;1;0;0;1.14;-1.94;Destination_00;.35;2.45;.00;1.00
Agent_0012;Adulto;Bajo;Bajo;10.12;1;0;0;-4.04;-2.87;Destination_00;.00;6.26;.00;1.00
Agent_0013;Adulto;Bajo;Bajo;10.12;1;0;0;-1.27;-.03;Destination_01;.00;4.07;.00;1.00
Agent_0015;Adulto;Bajo;Bajo;10.12;1;0;0;-4.04;-1.94;Destination_00;.00;5.79;.00;1.00
Agent_0016;Adulto;Bajo;Bajo;10.12;1;0;0;-3.22;-2.79;Destination_01;.00;4.36;.00;1.00
Agent_0017;Adulto;Bajo;Bajo;10.12;1;0;0;2.11;-3.35;Destination_00;.00;4.79;.00;1.00
Agent_0019;Adulto;Bajo;Bajo;10.12;1;0;0;-1.38;-2.37;Destination_00;.00;3.72;.00;1.00
Agent_0020;Adulto;Bajo;Bajo;10.12;1;0;0;-2.99;3.30;Destination_00;.00;8.75;.00;1.00
Agent_0021;Adulto;Bajo;Bajo;10.12;1;0;0;.96;-2.42;Destination_00;1.59;1.98;.00;1.00
Agent_0022;Adulto;Bajo;Bajo;10.12;1;0;0;-3.25;1.19;Destination_01;.00;2.47;.00;1.00
Agent_0023;Adulto;Bajo;Bajo;10.12;1;0;0;3.11;-1.62;Destination_00;.00;4.94;.00;1.00
Agent_0024;Adulto;Bajo;Bajo;10.12;1;0;0;-2.71;.63;Destination_01;.00;3.32;.00;1.00
Agent_0025;Adulto;Bajo;Bajo;10.12;1;0;0;-1.22;-.93;Destination_00;.00;3.55;.00;1.00
Agent_0026;Adulto;Bajo;Bajo;10.12;1;0;0;-3.17;-1.86;Destination_01;.00;2.92;.00;1.00
Agent_0027;Adulto;Bajo;Bajo;10.12;1;0;0;-1.38;-3.31;Destination_00;.00;3.71;.00;1.00
Agent_0028;Adulto;Bajo;Bajo;10.12;1;0;0;-3.82;.63;Destination_01;.00;1.06;.00;1.00
Agent_0029;Adulto;Bajo;Bajo;10.12;1;0;0;-2.14;.01;Destination_01;.00;2.87;.00;1.00
Agent_0030;Adulto;Bajo;Bajo;10.12;1;0;0;4.01;-3.16;Destination_00;.00;5.48;.00;1.00
Agent_0031;Adulto;Bajo;Bajo;10.12;1;0;0;-2.33;-3.28;Destination_01;.00;6.71;.00;1.00
Agent_0032;Adulto;Bajo;Bajo;10.12;1;0;0;.67;-1.61;Destination_00;.00;2.58;.00;1.00
Agent_0033;Adulto;Bajo;Bajo;10.12;1;0;0;-2.29;-2.40;Destination_01;.00;3.63;.00;1.00
Agent_0034;Adulto;Bajo;Bajo;10.12;1;0;0;1.25;-3.47;Destination_00;.00;3.20;.00;1.00
Agent_0035;Adulto;Bajo;Bajo;10.12;1;0;0;4.01;-2.42;Destination_00;.00;5.11;.00;1.00
Agent_0000;Adulto;Alto;Alto;11.12;0;1;0;-1.57;1.65;Destination_01;2.30;3.83;.00;1.00
Agent_0001;Adulto;Alto;Alto;11.12;0;1;0;1.41;-2.29;Destination_00;2.02;2.61;.00;1.00
Agent_0002;Adulto;Alto;Alto;11.12;0;1;0;-.05;-3.12;Destination_00;3.93;.95;.00;1.00
Agent_0003;Adulto;Alto;Alto;11.12;0;1;0;-.80;1.71;Destination_01;2.85;4.60;.00;1.00
Agent_0005;Adulto;Alto;Alto;11.12;0;1;0;-.03;-2.33;Destination_00;5.71;1.72;.00;1.00
Agent_0006;Adulto;Alto;Alto;11.12;0;1;0;-2.89;1.58;Destination_01;2.51;2.51;.00;1.00
Agent_0007;Adulto;Bajo;Bajo;11.12;1;0;0;2.32;-1.62;Destination_00;.00;3.57;.00;1.00
Agent_0008;Adulto;Bajo;Bajo;11.12;1;0;0;-4.14;-1.18;Destination_00;.00;5.73;.00;1.00
Agent_0009;Adulto;Bajo;Bajo;11.12;1;0;0;3.76;-1.68;Destination_00;.00;5.11;.00;1.00
Agent_0010;Adulto;Bajo;Bajo;11.12;1;0;0;-2.15;-.86;Destination_01;.00;3.00;.00;1.00
Agent_0011;Adulto;Bajo;Bajo;11.12;1;0;0;1.12;-1.96;Destination_00;.61;2.44;.00;1.00
Agent_0012;Adulto;Bajo;Bajo;11.12;1;0;0;-4.04;-2.87;Destination_00;.00;6.26;.00;1.00
Agent_0013;Adulto;Bajo;Bajo;11.12;1;0;0;-1.27;-.03;Destination_01;.00;4.07;.00;1.00
Agent_0015;Adulto;Bajo;Bajo;11.12;1;0;0;-4.04;-1.94;Destination_00;.00;5.79;.00;1.00
Agent_0016;Adulto;Bajo;Bajo;11.12;1;0;0;-3.22;-2.79;Destination_01;.00;4.36;.00;1.00
Agent_0017;Adulto;Bajo;Bajo;11.12;1;0;0;2.11;-3.35;Destination_00;.00;4.79;.00;1.00
Agent_0019;Adulto;Bajo;Bajo;11.12;1;0;0;-1.38;-2.37;Destination_00;.00;3.72;.00;1.00
Agent_0020;Adulto;Bajo;Bajo;11.12;1;0;0;-2.99;3.30;Destination_00;.00;8.75;.00;1.00
Agent_0021;Adulto;Bajo;Bajo;11.12;1;0;0;.42;-3.04;Destination_00;2.55;1.03;.00;1.00
Agent_0022;Adulto;Bajo;Bajo;11.12;1;0;0;-3.25;1.19;Destination_01;.00;2.47;.00;1.00
Agent_0023;Adulto;Bajo;Bajo;11.12;1;0;0;3.11;-1.62;Destination_00;.00;4.94;.00;1.00
Agent_0024;Adulto;Bajo;Bajo;11.12;1;0;0;-2.71;.63;Destination_01;.00;3.32;.00;1.00
Agent_0025;Adulto;Bajo;Bajo;11.12;1;0;0;-1.22;-.93;Destination_00;.00;3.55;.00;1.00
Agent_0026;Adulto;Bajo;Bajo;11.12;1;0;0;-3.17;-1.86;Destination_01;.00;2.92;.00;1.00
Agent_0027;Adulto;Bajo;Bajo;11.12;1;0;0;-1.38;-3.31;Destination_00;.00;3.71;.00;1.00
Agent_0028;Adulto;Bajo;Bajo;11.12;1;0;0;-3.82;.63;Destination_01;.00;1.06;.00;1.00
Agent_0029;Adulto;Bajo;Bajo;11.12;1;0;0;-2.14;.01;Destination_01;.00;2.87;.00;1.00
Agent_0030;Adulto;Bajo;Bajo;11.12;1;0;0;4.01;-3.16;Destination_00;.00;5.48;.00;1.00
Agent_0031;Adulto;Bajo;Bajo;11.12;1;0;0;-2.33;-3.28;Destination_01;.00;6.71;.00;1.00
Agent_0032;Adulto;Bajo;Bajo;11.12;1;0;0;.67;-1.61;Destination_00;.00;2.58;.00;1.00
Agent_0033;Adulto;Bajo;Bajo;11.12;1;0;0;-2.29;-2.40;Destination_01;.00;3.63;.00;1.00
Agent_0034;Adulto;Bajo;Bajo;11.12;1;0;0;1.25;-3.47;Destination_00;.00;3.20;.00;1.00
Agent_0035;Adulto;Bajo;Bajo;11.12;1;0;0;4.01;-2.42;Destination_00;.00;5.11;.00;1.00
Agent_0002;Adulto;Alto;Alto;11.12;0;0;1;-.03;-3.66;Destination_00;4.48;.43;.00;1.00
Agent_0021;Adulto;Bajo;Bajo;11.12;0;0;1;.35;-3.66;Destination_00;3.19;.42;.00;1.00
Agent_0000;Adulto;Alto;Alto;12.13;0;1;0;-2.59;1.58;Destination_01;3.32;2.81;.00;1.00
Agent_0001;Adulto;Alto;Alto;12.13;0;1;0;1.41;-2.34;Destination_00;2.27;2.64;.00;1.00
Agent_0003;Adulto;Alto;Alto;12.13;0;1;0;-1.82;1.64;Destination_01;3.87;3.58;.00;1.00
Agent_0005;Adulto;Alto;Alto;12.13;0;1;0;.09;-3.34;Destination_00;6.73;.70;.00;1.00
Agent_0006;Adulto;Alto;Alto;12.13;0;1;0;-3.31;1.57;Destination_01;3.03;2.08;.00;1.00
Agent_0007;Adulto;Bajo;Bajo;12.13;0;1;0;1.67;-2.01;Destination_00;.76;2.79;.00;1.00
Agent_0008;Adulto;Bajo;Bajo;12.13;1;0;0;-4.14;-1.18;Destination_00;.00;5.73;.00;1.00
Agent_0009;Adulto;Bajo;Bajo;12.13;1;0;0;3.76;-1.68;Destination_00;.00;5.11;.00;1.00
Agent_0010;Adulto;Bajo;Bajo;12.13;1;0;0;-2.15;-.86;Destination_01;.00;3.00;.00;1.00
Agent_0011;Adulto;Bajo;Bajo;12.13;1;0;0;1.02;-2.11;Destination_00;.96;2.20;.50;1.45
Agent_0012;Adulto;Bajo;Bajo;12.13;0;1;0;-3.99;-3.02;Destination_00;.15;6.12;.00;1.00
Agent_0013;Adulto;Bajo;Bajo;12.13;1;0;0;-1.27;-.03;Destination_01;.00;4.07;.00;1.00
Agent_0015;Adulto;Bajo;Bajo;12.13;1;0;0;-4.04;-1.94;Destination_00;.00;5.79;.00;1.00
Agent_0016;Adulto;Bajo;Bajo;12.13;1;0;0;-3.22;-2.79;Destination_01;.00;4.36;.00;1.00
Agent_0017;Adulto;Bajo;Bajo;12.13;1;0;0;2.11;-3.35;Destination_00;.00;4.79;.00;1.00
Agent_0019;Adulto;Bajo;Bajo;12.13;1;0;0;-1.38;-2.37;Destination_00;.00;3.72;.00;1.00
Agent_0020;Adulto;Bajo;Bajo;12.13;1;0;0;-2.99;3.30;Destination_00;.00;8.75;.00;1.00
Agent_0022;Adulto;Bajo;Bajo;12.13;1;0;0;-3.56;1.23;Destination_01;.40;2.56;.00;1.00
Agent_0023;Adulto;Bajo;Bajo;12.13;0;1;0;3.20;-1.75;Destination_00;.15;4.80;.00;1.00
Agent_0024;Adulto;Bajo;Bajo;12.13;1;0;0;-2.71;.63;Destination_01;.00;3.32;.00;1.00
Agent_0025;Adulto;Bajo;Bajo;12.13;1;0;0;-1.22;-.93;Destination_00;.00;3.55;.00;1.00
Agent_0026;Adulto;Bajo;Bajo;12.13;1;0;0;-3.17;-1.86;Destination_01;.00;2.92;.00;1.00
Agent_0027;Adulto;Bajo;Bajo;12.13;0;1;0;-1.33;-3.03;Destination_00;.28;3.44;.00;1.00
Agent_0028;Adulto;Bajo;Bajo;12.13;1;0;0;-3.82;.63;Destination_01;.00;1.06;.00;1.00
Agent_0029;Adulto;Bajo;Bajo;12.13;1;0;0;-2.14;.01;Destination_01;.00;2.87;.00;1.00
Agent_0030;Adulto;Bajo;Bajo;12.13;1;0;0;4.01;-3.16;Destination_00;.00;5.48;.00;1.00
Agent_0031;Adulto;Bajo;Bajo;12.13;0;1;0;-2.66;-3.19;Destination_01;.34;4.47;.00;1.00
Agent_0032;Adulto;Bajo;Bajo;12.13;1;0;0;.67;-1.61;Destination_00;.00;2.58;.00;1.00
Agent_0033;Adulto;Bajo;Bajo;12.13;1;0;0;-2.29;-2.40;Destination_01;.00;3.63;.00;1.00
Agent_0034;Adulto;Bajo;Bajo;12.13;1;0;0;1.25;-3.47;Destination_00;.00;3.20;.00;1.00
Agent_0035;Adulto;Bajo;Bajo;12.13;1;0;0;4.01;-2.42;Destination_00;.00;5.11;.00;1.00
Agent_0005;Adulto;Alto;Alto;12.13;0;0;1;.13;-3.62;Destination_00;7.01;.42;.00;1.00
Agent_0000;Adulto;Alto;Alto;13.15;0;1;0;-3.50;1.48;Destination_01;4.24;1.89;.00;1.00
Agent_0001;Adulto;Alto;Alto;13.15;0;1;0;.83;-2.54;Destination_00;3.03;1.82;.00;1.00
Agent_0003;Adulto;Alto;Alto;13.15;0;1;0;-2.83;1.56;Destination_01;4.87;2.57;.00;1.00
Agent_0006;Adulto;Alto;Alto;13.15;0;1;0;-3.89;1.19;Destination_01;3.74;1.39;.00;1.00
Agent_0007;Adulto;Bajo;Bajo;13.15;0;1;0;1.29;-2.34;Destination_00;1.39;2.31;.00;1.00
Agent_0008;Adulto;Bajo;Bajo;13.15;1;0;0;-4.14;-1.18;Destination_00;.00;5.73;.00;1.00
Agent_0009;Adulto;Bajo;Bajo;13.15;1;0;0;3.76;-1.68;Destination_00;.00;5.11;.00;1.00
Agent_0010;Adulto;Bajo;Bajo;13.15;1;0;0;-2.15;-.86;Destination_01;.00;3.00;.00;1.00
Agent_0011;Adulto;Bajo;Bajo;13.15;1;0;0;.31;-3.31;Destination_00;2.44;.75;.52;1.47
Agent_0012;Adulto;Bajo;Bajo;13.15;0;1;0;-3.30;-3.13;Destination_00;1.00;5.28;.00;1.00
Agent_0013;Adulto;Bajo;Bajo;13.15;1;0;0;-1.27;-.03;Destination_01;.00;4.07;.00;1.00
Agent_0015;Adulto;Bajo;Bajo;13.15;1;0;0;-4.04;-1.94;Destination_00;.00;5.79;.00;1.00
Agent_0016;Adulto;Bajo;Bajo;13.15;1;0;0;-2.94;-2.78;Destination_01;.36;3.90;.00;1.00
Agent_0017;Adulto;Bajo;Bajo;13.15;1;0;0;2.11;-3.35;Destination_00;.00;4.79;.00;1.00
Agent_0019;Adulto;Bajo;Bajo;13.15;1;0;0;-.85;-2.14;Destination_00;.68;2.34;.00;1.00
Agent_0020;Adulto;Bajo;Bajo;13.15;1;0;0;-2.99;3.30;Destination_00;.00;8.75;.00;1.00
Agent_0022;Adulto;Bajo;Bajo;13.15;0;1;0;-4.13;.79;Destination_01;1.21;.91;.00;1.00
Agent_0023;Adulto;Bajo;Bajo;13.15;0;1;0;2.96;-2.06;Destination_00;.85;4.05;.00;1.00
Agent_0024;Adulto;Bajo;Bajo;13.15;1;0;0;-2.71;.63;Destination_01;.00;3.32;.00;1.00
Agent_0025;Adulto;Bajo;Bajo;13.15;1;0;0;-1.22;-.93;Destination_00;.00;3.55;.00;1.00
Agent_0026;Adulto;Bajo;Bajo;13.15;1;0;0;-3.17;-1.86;Destination_01;.00;2.92;.00;1.00
Agent_0027;Adulto;Bajo;Bajo;13.15;0;1;0;-1.24;-2.39;Destination_00;.93;2.79;.00;1.00
Agent_0028;Adulto;Bajo;Bajo;13.15;1;0;0;-4.36;.39;Destination_01;.60;.44;.00;1.00
Agent_0029;Adulto;Bajo;Bajo;13.15;1;0;0;-2.14;.01;Destination_01;.00;2.87;.00;1.00
Agent_0030;Adulto;Bajo;Bajo;13.15;1;0;0;4.01;-3.16;Destination_00;.00;5.48;.00;1.00
Agent_0031;Adulto;Bajo;Bajo;13.15;0;1;0;-2.78;-2.20;Destination_01;1.36;3.25;.00;1.00
Agent_0032;Adulto;Bajo;Bajo;13.15;1;0;0;.67;-1.61;Destination_00;.00;2.58;.00;1.00
Agent_0033;Adulto;Bajo;Bajo;13.15;1;0;0;-2.29;-2.40;Destination_01;.00;3.63;.00;1.00
Agent_0034;Adulto;Bajo;Bajo;13.15;1;0;0;1.25;-3.47;Destination_00;.00;3.20;.00;1.00
Agent_0035;Adulto;Bajo;Bajo;13.15;1;0;0;4.01;-2.42;Destination_00;.00;5.11;.00;1.00
Agent_0028;Adulto;Bajo;Bajo;13.15;0;0;1;-4.38;.37;Destination_01;.61;.42;.00;1.00
Agent_0011;Adulto;Bajo;Bajo;13.15;0;0;1;.25;-3.62;Destination_00;2.75;.44;.51;1.46
Agent_0022;Adulto;Bajo;Bajo;13.15;0;0;1;-4.40;.44;Destination_01;1.68;.43;.00;1.00
Agent_0000;Adulto;Alto;Alto;14.16;0;1;0;-4.08;.91;Destination_01;5.09;1.03;.00;1.00
Agent_0001;Adulto;Alto;Alto;14.16;0;1;0;.34;-3.26;Destination_00;4.04;.80;.00;1.00
Agent_0003;Adulto;Alto;Alto;14.16;0;1;0;-3.73;1.34;Destination_01;5.84;1.61;.00;1.00
Agent_0006;Adulto;Alto;Alto;14.16;0;1;0;-4.32;.50;Destination_01;4.58;.54;.00;1.00
Agent_0007;Adulto;Bajo;Bajo;14.16;0;1;0;.47;-2.67;Destination_00;2.29;1.42;.00;1.00
Agent_0008;Adulto;Bajo;Bajo;14.16;0;1;0;-3.86;-1.26;Destination_00;.28;5.45;.00;1.00
Agent_0009;Adulto;Bajo;Bajo;14.16;1;0;0;3.76;-1.68;Destination_00;.00;5.11;.00;1.00
Agent_0010;Adulto;Bajo;Bajo;14.16;1;0;0;-2.15;-.86;Destination_01;.00;3.00;.00;1.00
Agent_0012;Adulto;Bajo;Bajo;14.16;0;1;0;-2.74;-2.58;Destination_00;1.82;4.47;.00;1.00
Agent_0013;Adulto;Bajo;Bajo;14.16;1;0;0;-1.27;-.03;Destination_01;.00;4.07;.00;1.00
Agent_0015;Adulto;Bajo;Bajo;14.16;1;0;0;-4.04;-1.94;Destination_00;.00;5.79;.00;1.00
Agent_0016;Adulto;Bajo;Bajo;14.16;1;0;0;-2.81;-1.96;Destination_01;1.27;3.00;.00;1.00
Agent_0017;Adulto;Bajo;Bajo;14.16;1;0;0;2.11;-3.35;Destination_00;.00;4.79;.00;1.00
Agent_0019;Adulto;Bajo;Bajo;14.16;1;0;0;-.06;-2.79;Destination_00;1.74;1.28;.00;1.00
Agent_0020;Adulto;Bajo;Bajo;14.16;1;0;0;-2.99;3.30;Destination_00;.00;8.75;.00;1.00
Agent_0023;Adulto;Bajo;Bajo;14.16;0;1;0;1.99;-2.11;Destination_00;1.82;3.08;.00;1.00
Agent_0024;Adulto;Bajo;Bajo;14.16;1;0;0;-2.71;.63;Destination_01;.00;3.32;.00;1.00
Agent_0025;Adulto;Bajo;Bajo;14.16;0;1;0;-1.24;-1.19;Destination_00;.25;3.30;.00;1.00
Agent_0026;Adulto;Bajo;Bajo;14.16;1;0;0;-3.39;-1.10;Destination_01;.86;1.97;.00;1.00
Agent_0027;Adulto;Bajo;Bajo;14.16;0;1;0;-.42;-2.50;Destination_00;1.87;1.79;.00;1.00
Agent_0029;Adulto;Bajo;Bajo;14.16;1;0;0;-2.14;.01;Destination_01;.00;2.87;.00;1.00
Agent_0030;Adulto;Bajo;Bajo;14.16;1;0;0;4.01;-3.16;Destination_00;.00;5.48;.00;1.00
Agent_0031;Adulto;Bajo;Bajo;14.16;0;1;0;-3.07;-1.50;Destination_01;2.18;2.47;.00;1.00
Agent_0032;Adulto;Bajo;Bajo;14.16;0;1;0;.74;-2.04;Destination_00;.45;2.09;.00;1.00
Agent_0033;Adulto;Bajo;Bajo;14.16;1;0;0;-2.29;-2.40;Destination_01;.00;3.63;.00;1.00
Agent_0034;Adulto;Bajo;Bajo;14.16;1;0;0;1.25;-3.47;Destination_00;.00;3.20;.00;1.00
Agent_0035;Adulto;Bajo;Bajo;14.16;1;0;0;4.01;-2.42;Destination_00;.00;5.11;.00;1.00
Agent_0006;Adulto;Alto;Alto;14.16;0;0;1;-4.42;.42;Destination_01;4.71;.41;.00;1.00
Agent_0001;Adulto;Alto;Alto;14.16;0;0;1;.26;-3.63;Destination_00;4.42;.42;.00;1.00
Agent_0000;Adulto;Alto;Alto;14.16;0;0;1;-4.42;.43;Destination_01;5.70;.42;.00;1.00
Agent_0019;Adulto;Bajo;Bajo;14.16;0;0;1;.01;-3.66;Destination_00;2.62;.41;.00;1.00
Agent_0003;Adulto;Alto;Alto;15.17;0;1;0;-4.16;.64;Destination_01;6.69;.75;.00;1.00
Agent_0007;Adulto;Bajo;Bajo;15.17;0;1;0;.34;-3.58;Destination_00;3.22;.49;.00;1.00
Agent_0008;Adulto;Bajo;Bajo;15.17;0;1;0;-3.47;-1.29;Destination_00;.82;5.06;.00;1.00
Agent_0009;Adulto;Bajo;Bajo;15.17;1;0;0;3.76;-1.68;Destination_00;.00;5.11;.00;1.00
Agent_0010;Adulto;Bajo;Bajo;15.17;0;1;0;-2.26;-.99;Destination_01;.15;2.84;.00;1.00
Agent_0012;Adulto;Bajo;Bajo;15.17;0;1;0;-2.31;-2.11;Destination_00;2.49;3.83;.00;1.00
Agent_0013;Adulto;Bajo;Bajo;15.17;1;0;0;-1.27;-.03;Destination_01;.00;4.07;.00;1.00
Agent_0015;Adulto;Bajo;Bajo;15.17;1;0;0;-4.04;-1.94;Destination_00;.00;5.79;.00;1.00
Agent_0016;Adulto;Bajo;Bajo;15.17;1;0;0;-3.03;-1.25;Destination_01;2.10;2.27;.00;1.00
Agent_0017;Adulto;Bajo;Bajo;15.17;1;0;0;2.11;-3.35;Destination_00;.00;4.79;.00;1.00
Agent_0020;Adulto;Bajo;Bajo;15.17;1;0;0;-2.99;3.30;Destination_00;.00;8.75;.00;1.00
Agent_0023;Adulto;Bajo;Bajo;15.17;0;1;0;1.11;-2.29;Destination_00;2.73;2.17;.00;1.00
Agent_0024;Adulto;Bajo;Bajo;15.17;1;0;0;-2.71;.63;Destination_01;.00;3.32;.00;1.00
Agent_0025;Adulto;Bajo;Bajo;15.17;0;1;0;-.66;-1.99;Destination_00;1.26;2.28;.00;1.00
Agent_0026;Adulto;Bajo;Bajo;15.17;1;0;0;-3.82;-.30;Destination_01;1.80;1.03;.00;1.00
Agent_0027;Adulto;Bajo;Bajo;15.17;0;1;0;.01;-3.28;Destination_00;2.88;.78;.00;1.00
Agent_0029;Adulto;Bajo;Bajo;15.17;1;0;0;-2.14;.01;Destination_01;.00;2.87;.00;1.00
Agent_0030;Adulto;Bajo;Bajo;15.17;1;0;0;4.01;-3.16;Destination_00;.00;5.48;.00;1.00
Agent_0031;Adulto;Bajo;Bajo;15.17;0;1;0;-3.53;-.70;Destination_01;3.17;1.54;.00;1.00
Agent_0032;Adulto;Bajo;Bajo;15.17;0;1;0;.39;-2.97;Destination_00;1.44;1.10;.00;1.00
Agent_0033;Adulto;Bajo;Bajo;15.17;1;0;0;-2.66;-1.55;Destination_01;.97;2.76;.00;1.00
Agent_0034;Adulto;Bajo;Bajo;15.17;1;0;0;1.25;-3.47;Destination_00;.00;3.20;.00;1.00
Agent_0035;Adulto;Bajo;Bajo;15.17;1;0;0;4.01;-2.42;Destination_00;.00;5.11;.00;1.00
Agent_0007;Adulto;Bajo;Bajo;15.17;0;0;1;.32;-3.68;Destination_00;3.32;.39;.00;1.00
Agent_0003;Adulto;Alto;Alto;15.17;0;0;1;-4.39;.45;Destination_01;6.99;.45;.00;1.00
Agent_0027;Adulto;Bajo;Bajo;15.17;0;0;1;.06;-3.65;Destination_00;3.25;.41;.00;1.00
Agent_0026;Adulto;Bajo;Bajo;15.17;0;0;1;-4.35;-.02;Destination_01;2.40;.44;.00;1.00
Agent_0032;Adulto;Bajo;Bajo;15.17;0;0;1;.27;-3.62;Destination_00;2.11;.43;.00;1.00
Agent_0008;Adulto;Bajo;Bajo;16.17;0;1;0;-3.01;-1.49;Destination_00;1.51;4.57;.00;1.00
Agent_0009;Adulto;Bajo;Bajo;16.17;1;0;0;3.76;-1.68;Destination_00;.00;5.11;.00;1.00
Agent_0010;Adulto;Bajo;Bajo;16.17;0;1;0;-2.98;-.59;Destination_01;1.08;1.92;.00;1.00
Agent_0012;Adulto;Bajo;Bajo;16.17;0;1;0;-1.40;-2.05;Destination_00;3.45;2.86;.00;1.00
Agent_0013;Adulto;Bajo;Bajo;16.17;1;0;0;-1.27;-.03;Destination_01;.00;4.07;.00;1.00
Agent_0015;Adulto;Bajo;Bajo;16.17;0;1;0;-3.94;-1.80;Destination_00;.16;5.63;.00;1.00
Agent_0016;Adulto;Bajo;Bajo;16.17;0;1;0;-3.60;-.50;Destination_01;3.12;1.34;.00;1.00
Agent_0017;Adulto;Bajo;Bajo;16.17;1;0;0;2.11;-3.35;Destination_00;.00;4.79;.00;1.00
Agent_0020;Adulto;Bajo;Bajo;16.17;0;1;0;-2.89;2.57;Destination_00;.72;8.03;.00;1.00
Agent_0023;Adulto;Bajo;Bajo;16.17;0;1;0;.40;-2.88;Destination_00;3.73;1.18;.00;1.00
Agent_0024;Adulto;Bajo;Bajo;16.17;1;0;0;-2.71;.63;Destination_01;.00;3.32;.00;1.00
Agent_0025;Adulto;Bajo;Bajo;16.17;0;1;0;-.08;-2.78;Destination_00;2.26;1.29;.00;1.00
Agent_0029;Adulto;Bajo;Bajo;16.17;0;1;0;-2.48;.05;Destination_01;.43;2.41;.00;1.00
Agent_0030;Adulto;Bajo;Bajo;16.17;1;0;0;4.01;-3.16;Destination_00;.00;5.48;.00;1.00
Agent_0031;Adulto;Bajo;Bajo;16.17;0;1;0;-4.18;-.12;Destination_01;4.07;.63;.00;1.00
Agent_0033;Adulto;Bajo;Bajo;16.17;1;0;0;-3.25;-.97;Destination_01;1.83;1.93;.00;1.00
Agent_0034;Adulto;Bajo;Bajo;16.17;1;0;0;1.25;-3.47;Destination_00;.00;3.20;.00;1.00
Agent_0035;Adulto;Bajo;Bajo;16.17;1;0;0;4.01;-2.42;Destination_00;.00;5.11;.00;1.00
Agent_0031;Adulto;Bajo;Bajo;16.17;0;0;1;-4.36;-.02;Destination_01;4.27;.44;.00;1.00
Agent_0023;Adulto;Bajo;Bajo;16.17;0;0;1;.36;-3.66;Destination_00;4.51;.43;.00;1.00
Agent_0025;Adulto;Bajo;Bajo;16.17;0;0;1;.02;-3.64;Destination_00;3.14;.43;.00;1.00
Agent_0016;Adulto;Bajo;Bajo;16.17;0;0;1;-4.35;-.02;Destination_01;4.01;.44;.00;1.00
Agent_0008;Adulto;Bajo;Bajo;17.18;0;1;0;-2.05;-1.82;Destination_00;2.53;3.55;.00;1.00
Agent_0009;Adulto;Bajo;Bajo;17.18;1;0;0;3.76;-1.68;Destination_00;.00;5.11;.00;1.00
Agent_0010;Adulto;Bajo;Bajo;17.18;0;1;0;-3.69;.01;Destination_01;2.03;1.06;.00;1.00
Agent_0012;Adulto;Bajo;Bajo;17.18;0;1;0;-.50;-2.43;Destination_00;4.41;1.89;.00;1.00
Agent_0013;Adulto;Bajo;Bajo;17.18;1;0;0;-1.27;-.03;Destination_01;.00;4.07;.00;1.00
Agent_0015;Adulto;Bajo;Bajo;17.18;0;1;0;-3.17;-1.54;Destination_00;1.04;4.71;.00;1.00
Agent_0017;Adulto;Bajo;Bajo;17.18;0;1;0;2.38;-3.18;Destination_00;.31;4.47;.00;1.00
Agent_0020;Adulto;Bajo;Bajo;17.18;0;1;0;-2.66;1.59;Destination_00;1.73;7.01;.00;1.00
Agent_0024;Adulto;Bajo;Bajo;17.18;0;1;0;-2.37;.58;Destination_01;.39;2.92;.00;1.00
Agent_0029;Adulto;Bajo;Bajo;17.18;0;1;0;-3.30;-.26;Destination_01;1.33;1.50;.00;1.00
Agent_0030;Adulto;Bajo;Bajo;17.18;1;0;0;4.01;-3.16;Destination_00;.00;5.48;.00;1.00
Agent_0033;Adulto;Bajo;Bajo;17.18;1;0;0;-3.74;-.45;Destination_01;2.58;1.24;.00;1.00
Agent_0034;Adulto;Bajo;Bajo;17.18;1;0;0;1.25;-3.47;Destination_00;.00;3.20;.00;1.00
Agent_0035;Adulto;Bajo;Bajo;17.18;1;0;0;4.01;-2.42;Destination_00;.00;5.11;.00;1.00
Agent_0010;Adulto;Bajo;Bajo;17.18;0;0;1;-4.34;-.01;Destination_01;2.70;.44;.00;1.00
Agent_0008;Adulto;Bajo;Bajo;18.20;0;1;0;-1.16;-2.16;Destination_00;3.48;2.60;.00;1.00
Agent_0009;Adulto;Bajo;Bajo;18.20;0;1;0;3.58;-2.06;Destination_00;.42;4.67;.00;1.00
Agent_0012;Adulto;Bajo;Bajo;18.20;0;1;0;.01;-3.17;Destination_00;5.42;.89;.00;1.00
Agent_0013;Adulto;Bajo;Bajo;18.20;1;0;0;-1.27;-.03;Destination_01;.00;4.07;.00;1.00
Agent_0015;Adulto;Bajo;Bajo;18.20;0;1;0;-2.20;-1.82;Destination_00;2.05;3.70;.00;1.00
Agent_0017;Adulto;Bajo;Bajo;18.20;0;1;0;2.38;-2.41;Destination_00;1.17;3.56;.00;1.00
Agent_0020;Adulto;Bajo;Bajo;18.20;0;1;0;-2.36;.71;Destination_00;2.66;6.09;.00;1.00
Agent_0024;Adulto;Bajo;Bajo;18.20;0;1;0;-2.81;-.14;Destination_01;1.26;2.03;.00;1.00
Agent_0029;Adulto;Bajo;Bajo;18.20;0;1;0;-4.06;.08;Destination_01;2.20;.69;.00;1.00
Agent_0030;Adulto;Bajo;Bajo;18.20;0;1;0;3.81;-3.21;Destination_00;.19;5.29;.00;1.00
Agent_0033;Adulto;Bajo;Bajo;18.20;0;1;0;-4.28;-.28;Destination_01;3.22;.65;.00;1.00
Agent_0034;Adulto;Bajo;Bajo;18.20;0;1;0;1.11;-2.67;Destination_00;.80;2.41;.00;1.00
Agent_0035;Adulto;Bajo;Bajo;18.20;1;0;0;4.01;-2.42;Destination_00;.00;5.11;.00;1.00
Agent_0033;Adulto;Bajo;Bajo;18.20;0;0;1;-4.47;-.14;Destination_01;3.45;.42;.00;1.00
Agent_0029;Adulto;Bajo;Bajo;18.20;0;0;1;-4.33;.22;Destination_01;2.52;.41;.00;1.00
Agent_0012;Adulto;Bajo;Bajo;18.20;0;0;1;.10;-3.61;Destination_00;5.87;.44;.00;1.00
Agent_0008;Adulto;Bajo;Bajo;19.21;0;1;0;-.22;-2.55;Destination_00;4.50;1.58;.00;1.00
Agent_0009;Adulto;Bajo;Bajo;19.21;0;1;0;2.60;-2.10;Destination_00;1.40;3.69;.00;1.00
Agent_0013;Adulto;Bajo;Bajo;19.21;0;1;0;-1.33;.23;Destination_01;.26;3.82;.00;1.00
Agent_0015;Adulto;Bajo;Bajo;19.21;0;1;0;-1.28;-2.11;Destination_00;3.02;2.73;.00;1.00
Agent_0017;Adulto;Bajo;Bajo;19.21;0;1;0;1.61;-2.16;Destination_00;2.02;2.71;.00;1.00
Agent_0020;Adulto;Bajo;Bajo;19.21;0;1;0;-2.55;-.14;Destination_00;3.55;5.19;.00;1.00
Agent_0024;Adulto;Bajo;Bajo;19.21;0;1;0;-3.60;-.17;Destination_01;2.10;1.19;.00;1.00
Agent_0030;Adulto;Bajo;Bajo;19.21;0;1;0;3.06;-2.84;Destination_00;1.07;4.36;.00;1.00
Agent_0034;Adulto;Bajo;Bajo;19.21;0;1;0;.44;-2.70;Destination_00;1.81;1.37;.00;1.00
Agent_0035;Adulto;Bajo;Bajo;19.21;0;1;0;3.76;-2.35;Destination_00;.25;4.87;.00;1.00
Agent_0024;Adulto;Bajo;Bajo;19.21;0;0;1;-4.34;.06;Destination_01;2.87;.42;.00;1.00
Agent_0034;Adulto;Bajo;Bajo;19.21;0;0;1;.32;-3.63;Destination_00;2.75;.44;.00;1.00
Agent_0008;Adulto;Bajo;Bajo;20.23;0;1;0;.00;-3.43;Destination_00;5.45;.63;.00;1.00
Agent_0009;Adulto;Bajo;Bajo;20.23;0;1;0;1.58;-2.14;Destination_00;2.41;2.68;.00;1.00
Agent_0013;Adulto;Bajo;Bajo;20.23;0;1;0;-2.13;.33;Destination_01;1.19;2.86;.00;1.00
Agent_0015;Adulto;Bajo;Bajo;20.23;0;1;0;-.34;-2.50;Destination_00;4.04;1.71;.00;1.00
Agent_0017;Adulto;Bajo;Bajo;20.23;0;1;0;.75;-2.47;Destination_00;2.96;1.77;.00;1.00
Agent_0020;Adulto;Bajo;Bajo;20.23;0;1;0;-2.44;-.97;Destination_00;4.42;4.31;.00;1.00
Agent_0030;Adulto;Bajo;Bajo;20.23;0;1;0;2.24;-2.29;Destination_00;2.06;3.37;.00;1.00
Agent_0035;Adulto;Bajo;Bajo;20.23;0;1;0;2.87;-2.24;Destination_00;1.15;3.96;.00;1.00
Agent_0008;Adulto;Bajo;Bajo;20.23;0;0;1;.06;-3.64;Destination_00;5.66;.42;.00;1.00
Agent_0009;Adulto;Bajo;Bajo;21.24;0;1;0;.71;-2.49;Destination_00;3.37;1.72;.00;1.00
Agent_0013;Adulto;Bajo;Bajo;21.24;0;1;0;-2.87;-.19;Destination_01;2.10;1.95;.00;1.00
Agent_0015;Adulto;Bajo;Bajo;21.24;0;1;0;-.04;-3.38;Destination_00;5.06;.70;.00;1.00
Agent_0017;Adulto;Bajo;Bajo;21.24;0;1;0;.40;-3.29;Destination_00;3.94;.79;.00;1.00
Agent_0020;Adulto;Bajo;Bajo;21.24;0;1;0;-1.72;-1.50;Destination_00;5.30;3.41;.00;1.00
Agent_0030;Adulto;Bajo;Bajo;21.24;0;1;0;1.38;-2.15;Destination_00;2.95;2.47;.00;1.00
Agent_0035;Adulto;Bajo;Bajo;21.24;0;1;0;1.95;-2.18;Destination_00;2.07;3.04;.00;1.00
Agent_0015;Adulto;Bajo;Bajo;21.24;0;0;1;-.02;-3.69;Destination_00;5.38;.40;.00;1.00
Agent_0017;Adulto;Bajo;Bajo;21.24;0;0;1;.35;-3.66;Destination_00;4.33;.42;.00;1.00
Agent_0009;Adulto;Bajo;Bajo;22.25;0;1;0;.32;-3.36;Destination_00;4.38;.70;.00;1.00
Agent_0013;Adulto;Bajo;Bajo;22.25;0;1;0;-3.65;-.15;Destination_01;2.91;1.14;.00;1.00
Agent_0020;Adulto;Bajo;Bajo;22.25;0;1;0;-.89;-2.07;Destination_00;6.32;2.40;.00;1.00
Agent_0030;Adulto;Bajo;Bajo;22.25;0;1;0;.55;-2.56;Destination_00;3.87;1.55;.00;1.00
Agent_0035;Adulto;Bajo;Bajo;22.25;0;1;0;1.11;-2.29;Destination_00;2.94;2.17;.00;1.00
Agent_0009;Adulto;Bajo;Bajo;22.25;0;0;1;.26;-3.64;Destination_00;4.66;.41;.00;1.00
Agent_0013;Adulto;Bajo;Bajo;22.25;0;0;1;-4.32;.05;Destination_01;3.60;.44;.00;1.00
Agent_0020;Adulto;Bajo;Bajo;23.27;0;1;0;-.11;-2.68;Destination_00;7.33;1.39;.00;1.00
Agent_0030;Adulto;Bajo;Bajo;23.27;0;1;0;.28;-3.51;Destination_00;4.88;.54;.00;1.00
Agent_0035;Adulto;Bajo;Bajo;23.27;0;1;0;.40;-2.89;Destination_00;3.95;1.18;.00;1.00
Agent_0030;Adulto;Bajo;Bajo;23.27;0;0;1;.26;-3.61;Destination_00;4.98;.44;.00;1.00
Agent_0035;Adulto;Bajo;Bajo;23.27;0;0;1;.32;-3.62;Destination_00;4.69;.44;.00;1.00
Agent_0020;Adulto;Bajo;Bajo;24.28;0;1;0;.05;-3.60;Destination_00;8.27;.46;.00;1.00
Agent_0020;Adulto;Bajo;Bajo;24.28;0;0;1;.06;-3.63;Destination_00;8.30;.42;.00;1.00
