Used Scenario Location;D:\EvacuationSimulator\Escenarios\cafeteria_original.sd
Simulation Execution Start Time;2019-07-17 11:30:48

Agente;Edad;Entrenamiento;ConocimientoDelEspacio;TiempoDeSimulacion;SinMoverse;Evacuando;Evacuado;PosiciónX;PosiciónY;SalidaEscogida;DistanciaRecorrida;DistanciaPorRecorrer;FactorDeNerviosismo;VelocidadDeseada
Agent_0000;Adulto;Alto;Alto;.00;1;0;0;.24;2.43;Destination_00;.00;6.55;.00;.00
Agent_0001;Adulto;Alto;Alto;.00;1;0;0;2.82;-2.90;Destination_00;.00;4.26;.00;.00
Agent_0002;Adulto;Alto;Alto;.00;1;0;0;1.10;-.36;Destination_00;.00;4.88;.00;.00
Agent_0003;Adulto;Alto;Alto;.00;1;0;0;.83;3.63;Destination_00;.00;7.87;.00;.00
Agent_0004;Adulto;Alto;Alto;.00;1;0;0;-2.50;-2.00;Destination_00;.00;3.91;.00;.00
Agent_0005;Adulto;Alto;Alto;.00;1;0;0;3.66;.04;Destination_00;.00;7.46;.00;.00
Agent_0006;Adulto;Alto;Alto;.00;1;0;0;-1.74;3.06;Destination_00;.00;7.70;.00;.00
Agent_0007;Adulto;Bajo;Bajo;.00;1;0;0;2.32;-1.62;Destination_00;.00;3.57;.00;.00
Agent_0008;Adulto;Bajo;Bajo;.00;1;0;0;-4.14;-1.18;Destination_00;.00;5.91;.00;.00
Agent_0009;Adulto;Bajo;Bajo;.00;1;0;0;3.76;-1.68;Destination_00;.00;5.12;.00;.00
Agent_0010;Adulto;Bajo;Bajo;.00;1;0;0;-2.05;.06;Destination_00;.00;6.00;.00;.00
Agent_0011;Adulto;Bajo;Bajo;.00;1;0;0;1.33;-1.66;Destination_00;.00;2.91;.00;.00
Agent_0012;Adulto;Bajo;Bajo;.00;1;0;0;-4.04;-2.87;Destination_00;.00;5.79;.00;.00
Agent_0013;Adulto;Bajo;Bajo;.00;1;0;0;-1.30;.92;Destination_00;.00;6.73;.00;.00
Agent_0014;Adulto;Bajo;Bajo;.00;1;0;0;-4.07;-.59;Destination_00;.00;6.57;.00;.00
Agent_0015;Adulto;Bajo;Bajo;.00;1;0;0;-4.04;-1.94;Destination_00;.00;5.83;.00;.00
Agent_0016;Adulto;Bajo;Bajo;.00;1;0;0;-3.22;-2.79;Destination_00;.00;4.93;.00;.00
Agent_0017;Adulto;Bajo;Bajo;.00;1;0;0;2.11;-3.35;Destination_00;.00;4.83;.00;.00
Agent_0018;Adulto;Bajo;Bajo;.00;1;0;0;-3.93;.30;Destination_00;.00;6.73;.00;.00
Agent_0019;Adulto;Bajo;Bajo;.00;1;0;0;-1.33;-.79;Destination_00;.00;6.50;.00;.00
Agent_0020;Adulto;Bajo;Bajo;.00;1;0;0;-2.99;3.30;Destination_00;.00;9.08;.00;.00
Agent_0021;Adulto;Bajo;Bajo;.00;1;0;0;2.16;-2.60;Destination_00;.00;4.09;.00;.00
Agent_0022;Adulto;Bajo;Bajo;.00;1;0;0;-3.08;1.09;Destination_00;.00;7.50;.00;.00
Agent_0023;Adulto;Bajo;Bajo;.00;1;0;0;3.11;-1.62;Destination_00;.00;4.96;.00;.00
Agent_0024;Adulto;Bajo;Bajo;.00;1;0;0;-3.06;.26;Destination_00;.00;6.11;.00;.00
Agent_0025;Adulto;Bajo;Bajo;.00;1;0;0;-1.30;.10;Destination_00;.00;6.56;.00;.00
Agent_0026;Adulto;Bajo;Bajo;.00;1;0;0;-3.17;-1.86;Destination_00;.00;4.97;.00;.00
Agent_0027;Adulto;Bajo;Bajo;.00;1;0;0;-1.30;-1.56;Destination_00;.00;3.03;.00;.00
Agent_0028;Adulto;Bajo;Bajo;.00;1;0;0;-3.97;1.13;Destination_00;.00;8.81;.00;.00
Agent_0029;Adulto;Bajo;Bajo;.00;1;0;0;-2.11;.88;Destination_00;.00;7.30;.00;.00
Agent_0030;Adulto;Bajo;Bajo;.00;1;0;0;-2.02;-3.36;Destination_00;.00;4.49;.00;.00
Agent_0031;Adulto;Bajo;Bajo;.00;1;0;0;-2.06;-1.56;Destination_00;.00;4.24;.00;.00
Agent_0032;Adulto;Bajo;Bajo;.00;1;0;0;.67;-1.61;Destination_00;.00;2.58;.00;.00
Agent_0033;Adulto;Bajo;Bajo;.00;1;0;0;-2.07;-.82;Destination_00;.00;5.72;.00;.00
Agent_0034;Adulto;Bajo;Bajo;.00;1;0;0;1.25;-3.47;Destination_00;.00;3.19;.00;.00
Agent_0035;Adulto;Bajo;Bajo;.00;1;0;0;-1.34;-3.35;Destination_00;.00;3.33;.00;.00
Agent_0000;Adulto;Alto;Alto;1.01;1;0;0;.24;2.43;Destination_00;.00;6.55;.00;.00
Agent_0001;Adulto;Alto;Alto;1.01;1;0;0;2.82;-2.90;Destination_00;.00;4.26;.00;.00
Agent_0002;Adulto;Alto;Alto;1.01;1;0;0;1.10;-.36;Destination_00;.00;4.88;.00;.00
Agent_0003;Adulto;Alto;Alto;1.01;1;0;0;.83;3.63;Destination_00;.00;7.87;.00;.00
Agent_0004;Adulto;Alto;Alto;1.01;1;0;0;-2.50;-2.00;Destination_00;.00;3.91;.00;.00
Agent_0005;Adulto;Alto;Alto;1.01;1;0;0;3.66;.04;Destination_00;.00;7.46;.00;.00
Agent_0006;Adulto;Alto;Alto;1.01;1;0;0;-1.74;3.06;Destination_00;.00;7.70;.00;.00
Agent_0007;Adulto;Bajo;Bajo;1.01;1;0;0;2.32;-1.62;Destination_00;.00;3.57;.00;.00
Agent_0008;Adulto;Bajo;Bajo;1.01;1;0;0;-4.14;-1.18;Destination_00;.00;5.91;.00;.00
Agent_0009;Adulto;Bajo;Bajo;1.01;1;0;0;3.76;-1.68;Destination_00;.00;5.12;.00;.00
Agent_0010;Adulto;Bajo;Bajo;1.01;1;0;0;-2.05;.06;Destination_00;.00;6.00;.00;.00
Agent_0011;Adulto;Bajo;Bajo;1.01;1;0;0;1.33;-1.66;Destination_00;.00;2.91;.00;.00
Agent_0012;Adulto;Bajo;Bajo;1.01;1;0;0;-4.04;-2.87;Destination_00;.00;5.79;.00;.00
Agent_0013;Adulto;Bajo;Bajo;1.01;1;0;0;-1.30;.92;Destination_00;.00;6.73;.00;.00
Agent_0014;Adulto;Bajo;Bajo;1.01;1;0;0;-4.07;-.59;Destination_00;.00;6.57;.00;.00
Agent_0015;Adulto;Bajo;Bajo;1.01;1;0;0;-4.04;-1.94;Destination_00;.00;5.83;.00;.00
Agent_0016;Adulto;Bajo;Bajo;1.01;1;0;0;-3.22;-2.79;Destination_00;.00;4.93;.00;.00
Agent_0017;Adulto;Bajo;Bajo;1.01;1;0;0;2.11;-3.35;Destination_00;.00;4.83;.00;.00
Agent_0018;Adulto;Bajo;Bajo;1.01;1;0;0;-3.93;.30;Destination_00;.00;6.73;.00;.00
Agent_0019;Adulto;Bajo;Bajo;1.01;1;0;0;-1.33;-.79;Destination_00;.00;6.50;.00;.00
Agent_0020;Adulto;Bajo;Bajo;1.01;1;0;0;-2.99;3.30;Destination_00;.00;9.08;.00;.00
Agent_0021;Adulto;Bajo;Bajo;1.01;1;0;0;2.16;-2.60;Destination_00;.00;4.09;.00;.00
Agent_0022;Adulto;Bajo;Bajo;1.01;1;0;0;-3.08;1.09;Destination_00;.00;7.50;.00;.00
Agent_0023;Adulto;Bajo;Bajo;1.01;1;0;0;3.11;-1.62;Destination_00;.00;4.96;.00;.00
Agent_0024;Adulto;Bajo;Bajo;1.01;1;0;0;-3.06;.26;Destination_00;.00;6.11;.00;.00
Agent_0025;Adulto;Bajo;Bajo;1.01;1;0;0;-1.30;.10;Destination_00;.00;6.56;.00;.00
Agent_0026;Adulto;Bajo;Bajo;1.01;1;0;0;-3.17;-1.86;Destination_00;.00;4.97;.00;.00
Agent_0027;Adulto;Bajo;Bajo;1.01;1;0;0;-1.30;-1.56;Destination_00;.00;3.03;.00;.00
Agent_0028;Adulto;Bajo;Bajo;1.01;1;0;0;-3.97;1.13;Destination_00;.00;8.81;.00;.00
Agent_0029;Adulto;Bajo;Bajo;1.01;1;0;0;-2.11;.88;Destination_00;.00;7.30;.00;.00
Agent_0030;Adulto;Bajo;Bajo;1.01;1;0;0;-2.02;-3.36;Destination_00;.00;4.49;.00;.00
Agent_0031;Adulto;Bajo;Bajo;1.01;1;0;0;-2.06;-1.56;Destination_00;.00;4.24;.00;.00
Agent_0032;Adulto;Bajo;Bajo;1.01;1;0;0;.67;-1.61;Destination_00;.00;2.58;.00;.00
Agent_0033;Adulto;Bajo;Bajo;1.01;1;0;0;-2.07;-.82;Destination_00;.00;5.72;.00;.00
Agent_0034;Adulto;Bajo;Bajo;1.01;1;0;0;1.25;-3.47;Destination_00;.00;3.19;.00;.00
Agent_0035;Adulto;Bajo;Bajo;1.01;1;0;0;-1.34;-3.35;Destination_00;.00;3.33;.00;.00
Agent_0000;Adulto;Alto;Alto;2.01;1;0;0;.24;2.43;Destination_00;.00;6.55;.00;1.00
Agent_0001;Adulto;Alto;Alto;2.01;1;0;0;2.82;-2.90;Destination_00;.00;4.26;.00;1.00
Agent_0002;Adulto;Alto;Alto;2.01;1;0;0;1.10;-.36;Destination_00;.00;4.88;.00;1.00
Agent_0003;Adulto;Alto;Alto;2.01;1;0;0;.83;3.63;Destination_00;.00;7.87;.00;1.00
Agent_0004;Adulto;Alto;Alto;2.01;1;0;0;-2.50;-2.00;Destination_00;.00;3.91;.00;1.00
Agent_0005;Adulto;Alto;Alto;2.01;1;0;0;3.66;.04;Destination_00;.00;7.46;.00;1.00
Agent_0006;Adulto;Alto;Alto;2.01;1;0;0;-1.74;3.06;Destination_00;.00;7.70;.00;1.00
Agent_0007;Adulto;Bajo;Bajo;2.01;1;0;0;2.32;-1.62;Destination_00;.00;3.57;.00;1.00
Agent_0008;Adulto;Bajo;Bajo;2.01;1;0;0;-4.14;-1.18;Destination_00;.00;5.91;.00;1.00
Agent_0009;Adulto;Bajo;Bajo;2.01;1;0;0;3.76;-1.68;Destination_00;.00;5.12;.00;1.00
Agent_0010;Adulto;Bajo;Bajo;2.01;1;0;0;-2.05;.06;Destination_00;.00;6.00;.00;1.00
Agent_0011;Adulto;Bajo;Bajo;2.01;1;0;0;1.33;-1.66;Destination_00;.00;2.91;.00;1.00
Agent_0012;Adulto;Bajo;Bajo;2.01;1;0;0;-4.04;-2.87;Destination_00;.00;5.79;.00;1.00
Agent_0013;Adulto;Bajo;Bajo;2.01;1;0;0;-1.30;.92;Destination_00;.00;6.73;.00;1.00
Agent_0014;Adulto;Bajo;Bajo;2.01;1;0;0;-4.07;-.59;Destination_00;.00;6.57;.00;1.00
Agent_0015;Adulto;Bajo;Bajo;2.01;1;0;0;-4.04;-1.94;Destination_00;.00;5.83;.00;1.00
Agent_0016;Adulto;Bajo;Bajo;2.01;1;0;0;-3.22;-2.79;Destination_00;.00;4.93;.00;1.00
Agent_0017;Adulto;Bajo;Bajo;2.01;1;0;0;2.11;-3.35;Destination_00;.00;4.83;.00;1.00
Agent_0018;Adulto;Bajo;Bajo;2.01;1;0;0;-3.93;.30;Destination_00;.00;6.73;.00;1.00
Agent_0019;Adulto;Bajo;Bajo;2.01;1;0;0;-1.33;-.79;Destination_00;.00;6.50;.00;1.00
Agent_0020;Adulto;Bajo;Bajo;2.01;1;0;0;-2.99;3.30;Destination_00;.00;9.08;.00;1.00
Agent_0021;Adulto;Bajo;Bajo;2.01;1;0;0;2.16;-2.60;Destination_00;.00;4.09;.00;1.00
Agent_0022;Adulto;Bajo;Bajo;2.01;1;0;0;-3.08;1.09;Destination_00;.00;7.50;.00;1.00
Agent_0023;Adulto;Bajo;Bajo;2.01;1;0;0;3.11;-1.62;Destination_00;.00;4.96;.00;1.00
Agent_0024;Adulto;Bajo;Bajo;2.01;1;0;0;-3.06;.26;Destination_00;.00;6.11;.00;1.00
Agent_0025;Adulto;Bajo;Bajo;2.01;1;0;0;-1.30;.10;Destination_00;.00;6.56;.00;1.00
Agent_0026;Adulto;Bajo;Bajo;2.01;1;0;0;-3.17;-1.86;Destination_00;.00;4.97;.00;1.00
Agent_0027;Adulto;Bajo;Bajo;2.01;1;0;0;-1.30;-1.56;Destination_00;.00;3.03;.00;1.00
Agent_0028;Adulto;Bajo;Bajo;2.01;1;0;0;-3.97;1.13;Destination_00;.00;8.81;.00;1.00
Agent_0029;Adulto;Bajo;Bajo;2.01;1;0;0;-2.11;.88;Destination_00;.00;7.30;.00;1.00
Agent_0030;Adulto;Bajo;Bajo;2.01;1;0;0;-2.02;-3.36;Destination_00;.00;4.49;.00;1.00
Agent_0031;Adulto;Bajo;Bajo;2.01;1;0;0;-2.06;-1.56;Destination_00;.00;4.24;.00;1.00
Agent_0032;Adulto;Bajo;Bajo;2.01;1;0;0;.67;-1.61;Destination_00;.00;2.58;.00;1.00
Agent_0033;Adulto;Bajo;Bajo;2.01;1;0;0;-2.07;-.82;Destination_00;.00;5.72;.00;1.00
Agent_0034;Adulto;Bajo;Bajo;2.01;1;0;0;1.25;-3.47;Destination_00;.00;3.19;.00;1.00
Agent_0035;Adulto;Bajo;Bajo;2.01;1;0;0;-1.34;-3.35;Destination_00;.00;3.33;.00;1.00
Agent_0000;Adulto;Alto;Alto;3.02;1;0;0;.24;2.43;Destination_00;.00;6.55;.00;1.00
Agent_0001;Adulto;Alto;Alto;3.02;1;0;0;2.82;-2.90;Destination_00;.00;4.26;.00;1.00
Agent_0002;Adulto;Alto;Alto;3.02;1;0;0;1.10;-.36;Destination_00;.00;4.88;.00;1.00
Agent_0003;Adulto;Alto;Alto;3.02;1;0;0;.83;3.63;Destination_00;.00;7.87;.00;1.00
Agent_0004;Adulto;Alto;Alto;3.02;1;0;0;-2.50;-2.00;Destination_00;.00;3.91;.00;1.00
Agent_0005;Adulto;Alto;Alto;3.02;1;0;0;3.66;.04;Destination_00;.00;7.46;.00;1.00
Agent_0006;Adulto;Alto;Alto;3.02;1;0;0;-1.74;3.06;Destination_00;.00;7.70;.00;1.00
Agent_0007;Adulto;Bajo;Bajo;3.02;1;0;0;2.32;-1.62;Destination_00;.00;3.57;.00;1.00
Agent_0008;Adulto;Bajo;Bajo;3.02;1;0;0;-4.14;-1.18;Destination_00;.00;5.91;.00;1.00
Agent_0009;Adulto;Bajo;Bajo;3.02;1;0;0;3.76;-1.68;Destination_00;.00;5.12;.00;1.00
Agent_0010;Adulto;Bajo;Bajo;3.02;1;0;0;-2.05;.06;Destination_00;.00;6.00;.00;1.00
Agent_0011;Adulto;Bajo;Bajo;3.02;1;0;0;1.33;-1.66;Destination_00;.00;2.91;.00;1.00
Agent_0012;Adulto;Bajo;Bajo;3.02;1;0;0;-4.04;-2.87;Destination_00;.00;5.79;.00;1.00
Agent_0013;Adulto;Bajo;Bajo;3.02;1;0;0;-1.30;.92;Destination_00;.00;6.73;.00;1.00
Agent_0014;Adulto;Bajo;Bajo;3.02;1;0;0;-4.07;-.59;Destination_00;.00;6.57;.00;1.00
Agent_0015;Adulto;Bajo;Bajo;3.02;1;0;0;-4.04;-1.94;Destination_00;.00;5.83;.00;1.00
Agent_0016;Adulto;Bajo;Bajo;3.02;1;0;0;-3.22;-2.79;Destination_00;.00;4.93;.00;1.00
Agent_0017;Adulto;Bajo;Bajo;3.02;1;0;0;2.11;-3.35;Destination_00;.00;4.83;.00;1.00
Agent_0018;Adulto;Bajo;Bajo;3.02;1;0;0;-3.93;.30;Destination_00;.00;6.73;.00;1.00
Agent_0019;Adulto;Bajo;Bajo;3.02;1;0;0;-1.33;-.79;Destination_00;.00;6.50;.00;1.00
Agent_0020;Adulto;Bajo;Bajo;3.02;1;0;0;-2.99;3.30;Destination_00;.00;9.08;.00;1.00
Agent_0021;Adulto;Bajo;Bajo;3.02;1;0;0;2.16;-2.60;Destination_00;.00;4.09;.00;1.00
Agent_0022;Adulto;Bajo;Bajo;3.02;1;0;0;-3.08;1.09;Destination_00;.00;7.50;.00;1.00
Agent_0023;Adulto;Bajo;Bajo;3.02;1;0;0;3.11;-1.62;Destination_00;.00;4.96;.00;1.00
Agent_0024;Adulto;Bajo;Bajo;3.02;1;0;0;-3.06;.26;Destination_00;.00;6.11;.00;1.00
Agent_0025;Adulto;Bajo;Bajo;3.02;1;0;0;-1.30;.10;Destination_00;.00;6.56;.00;1.00
Agent_0026;Adulto;Bajo;Bajo;3.02;1;0;0;-3.17;-1.86;Destination_00;.00;4.97;.00;1.00
Agent_0027;Adulto;Bajo;Bajo;3.02;1;0;0;-1.30;-1.56;Destination_00;.00;3.03;.00;1.00
Agent_0028;Adulto;Bajo;Bajo;3.02;1;0;0;-3.97;1.13;Destination_00;.00;8.81;.00;1.00
Agent_0029;Adulto;Bajo;Bajo;3.02;1;0;0;-2.11;.88;Destination_00;.00;7.30;.00;1.00
Agent_0030;Adulto;Bajo;Bajo;3.02;1;0;0;-2.02;-3.36;Destination_00;.00;4.49;.00;1.00
Agent_0031;Adulto;Bajo;Bajo;3.02;1;0;0;-2.06;-1.56;Destination_00;.00;4.24;.00;1.00
Agent_0032;Adulto;Bajo;Bajo;3.02;1;0;0;.67;-1.61;Destination_00;.00;2.58;.00;1.00
Agent_0033;Adulto;Bajo;Bajo;3.02;1;0;0;-2.07;-.82;Destination_00;.00;5.72;.00;1.00
Agent_0034;Adulto;Bajo;Bajo;3.02;1;0;0;1.25;-3.47;Destination_00;.00;3.19;.00;1.00
Agent_0035;Adulto;Bajo;Bajo;3.02;1;0;0;-1.34;-3.35;Destination_00;.00;3.33;.00;1.00
Agent_0000;Adulto;Alto;Alto;4.04;1;0;0;.24;2.43;Destination_00;.00;6.55;.00;1.00
Agent_0001;Adulto;Alto;Alto;4.04;1;0;0;2.82;-2.90;Destination_00;.00;4.26;.00;1.00
Agent_0002;Adulto;Alto;Alto;4.04;1;0;0;1.10;-.36;Destination_00;.00;4.88;.00;1.00
Agent_0003;Adulto;Alto;Alto;4.04;0;1;0;.80;3.57;Destination_00;.05;7.82;.00;1.00
Agent_0004;Adulto;Alto;Alto;4.04;1;0;0;-2.50;-2.00;Destination_00;.00;3.91;.00;1.00
Agent_0005;Adulto;Alto;Alto;4.04;1;0;0;3.66;.04;Destination_00;.00;7.46;.00;1.00
Agent_0006;Adulto;Alto;Alto;4.04;1;0;0;-1.74;3.06;Destination_00;.00;7.70;.00;1.00
Agent_0007;Adulto;Bajo;Bajo;4.04;1;0;0;2.32;-1.62;Destination_00;.00;3.57;.00;1.00
Agent_0008;Adulto;Bajo;Bajo;4.04;1;0;0;-4.14;-1.18;Destination_00;.00;5.91;.00;1.00
Agent_0009;Adulto;Bajo;Bajo;4.04;1;0;0;3.76;-1.68;Destination_00;.00;5.12;.00;1.00
Agent_0010;Adulto;Bajo;Bajo;4.04;1;0;0;-2.05;.06;Destination_00;.00;6.00;.00;1.00
Agent_0011;Adulto;Bajo;Bajo;4.04;1;0;0;1.33;-1.66;Destination_00;.00;2.91;.00;1.00
Agent_0012;Adulto;Bajo;Bajo;4.04;1;0;0;-4.04;-2.87;Destination_00;.00;5.79;.00;1.00
Agent_0013;Adulto;Bajo;Bajo;4.04;1;0;0;-1.30;.92;Destination_00;.00;6.73;.00;1.00
Agent_0014;Adulto;Bajo;Bajo;4.04;1;0;0;-4.07;-.59;Destination_00;.00;6.57;.00;1.00
Agent_0015;Adulto;Bajo;Bajo;4.04;1;0;0;-4.04;-1.94;Destination_00;.00;5.83;.00;1.00
Agent_0016;Adulto;Bajo;Bajo;4.04;1;0;0;-3.22;-2.79;Destination_00;.00;4.93;.00;1.00
Agent_0017;Adulto;Bajo;Bajo;4.04;1;0;0;2.11;-3.35;Destination_00;.00;4.83;.00;1.00
Agent_0018;Adulto;Bajo;Bajo;4.04;1;0;0;-3.93;.30;Destination_00;.00;6.73;.00;1.00
Agent_0019;Adulto;Bajo;Bajo;4.04;1;0;0;-1.33;-.79;Destination_00;.00;6.50;.00;1.00
Agent_0020;Adulto;Bajo;Bajo;4.04;1;0;0;-2.99;3.30;Destination_00;.00;9.08;.00;1.00
Agent_0021;Adulto;Bajo;Bajo;4.04;1;0;0;2.16;-2.60;Destination_00;.00;4.09;.00;1.00
Agent_0022;Adulto;Bajo;Bajo;4.04;1;0;0;-3.08;1.09;Destination_00;.00;7.50;.00;1.00
Agent_0023;Adulto;Bajo;Bajo;4.04;1;0;0;3.11;-1.62;Destination_00;.00;4.96;.00;1.00
Agent_0024;Adulto;Bajo;Bajo;4.04;1;0;0;-3.06;.26;Destination_00;.00;6.11;.00;1.00
Agent_0025;Adulto;Bajo;Bajo;4.04;1;0;0;-1.30;.10;Destination_00;.00;6.56;.00;1.00
Agent_0026;Adulto;Bajo;Bajo;4.04;1;0;0;-3.17;-1.86;Destination_00;.00;4.97;.00;1.00
Agent_0027;Adulto;Bajo;Bajo;4.04;1;0;0;-1.30;-1.56;Destination_00;.00;3.03;.00;1.00
Agent_0028;Adulto;Bajo;Bajo;4.04;1;0;0;-3.97;1.13;Destination_00;.00;8.81;.00;1.00
Agent_0029;Adulto;Bajo;Bajo;4.04;1;0;0;-2.11;.88;Destination_00;.00;7.30;.00;1.00
Agent_0030;Adulto;Bajo;Bajo;4.04;1;0;0;-2.02;-3.36;Destination_00;.00;4.49;.00;1.00
Agent_0031;Adulto;Bajo;Bajo;4.04;1;0;0;-2.06;-1.56;Destination_00;.00;4.24;.00;1.00
Agent_0032;Adulto;Bajo;Bajo;4.04;1;0;0;.67;-1.61;Destination_00;.00;2.58;.00;1.00
Agent_0033;Adulto;Bajo;Bajo;4.04;1;0;0;-2.07;-.82;Destination_00;.00;5.72;.00;1.00
Agent_0034;Adulto;Bajo;Bajo;4.04;1;0;0;1.25;-3.47;Destination_00;.00;3.19;.00;1.00
Agent_0035;Adulto;Bajo;Bajo;4.04;1;0;0;-1.34;-3.35;Destination_00;.00;3.33;.00;1.00
Agent_0000;Adulto;Alto;Alto;5.05;1;0;0;.22;2.20;Destination_00;.22;6.33;.00;1.00
Agent_0001;Adulto;Alto;Alto;5.05;1;0;0;2.82;-2.90;Destination_00;.00;4.26;.00;1.00
Agent_0002;Adulto;Alto;Alto;5.05;1;0;0;1.10;-.36;Destination_00;.00;4.88;.00;1.00
Agent_0003;Adulto;Alto;Alto;5.05;0;1;0;.44;2.64;Destination_00;1.05;6.82;.00;1.00
Agent_0004;Adulto;Alto;Alto;5.05;1;0;0;-2.50;-2.00;Destination_00;.00;3.91;.00;1.00
Agent_0005;Adulto;Alto;Alto;5.05;0;1;0;3.23;-.01;Destination_00;.41;7.04;.00;1.00
Agent_0006;Adulto;Alto;Alto;5.05;1;0;0;-1.74;3.06;Destination_00;.00;7.70;.00;1.00
Agent_0007;Adulto;Bajo;Bajo;5.05;1;0;0;2.32;-1.62;Destination_00;.00;3.57;.00;1.00
Agent_0008;Adulto;Bajo;Bajo;5.05;1;0;0;-4.14;-1.18;Destination_00;.00;5.91;.00;1.00
Agent_0009;Adulto;Bajo;Bajo;5.05;1;0;0;3.76;-1.68;Destination_00;.00;5.12;.00;1.00
Agent_0010;Adulto;Bajo;Bajo;5.05;1;0;0;-2.05;.06;Destination_00;.00;6.00;.00;1.00
Agent_0011;Adulto;Bajo;Bajo;5.05;1;0;0;1.33;-1.66;Destination_00;.00;2.91;.00;1.00
Agent_0012;Adulto;Bajo;Bajo;5.05;1;0;0;-4.04;-2.87;Destination_00;.00;5.79;.00;1.00
Agent_0013;Adulto;Bajo;Bajo;5.05;1;0;0;-1.30;.92;Destination_00;.00;6.73;.00;1.00
Agent_0014;Adulto;Bajo;Bajo;5.05;1;0;0;-4.07;-.59;Destination_00;.00;6.57;.00;1.00
Agent_0015;Adulto;Bajo;Bajo;5.05;1;0;0;-4.04;-1.94;Destination_00;.00;5.83;.00;1.00
Agent_0016;Adulto;Bajo;Bajo;5.05;1;0;0;-3.22;-2.79;Destination_00;.00;4.93;.00;1.00
Agent_0017;Adulto;Bajo;Bajo;5.05;1;0;0;2.11;-3.35;Destination_00;.00;4.83;.00;1.00
Agent_0018;Adulto;Bajo;Bajo;5.05;1;0;0;-3.93;.30;Destination_00;.00;6.73;.00;1.00
Agent_0019;Adulto;Bajo;Bajo;5.05;1;0;0;-1.33;-.79;Destination_00;.00;6.50;.00;1.00
Agent_0020;Adulto;Bajo;Bajo;5.05;1;0;0;-2.99;3.30;Destination_00;.00;9.08;.00;1.00
Agent_0021;Adulto;Bajo;Bajo;5.05;1;0;0;2.16;-2.60;Destination_00;.00;4.09;.00;1.00
Agent_0022;Adulto;Bajo;Bajo;5.05;1;0;0;-3.08;1.09;Destination_00;.00;7.50;.00;1.00
Agent_0023;Adulto;Bajo;Bajo;5.05;1;0;0;3.11;-1.62;Destination_00;.00;4.96;.00;1.00
Agent_0024;Adulto;Bajo;Bajo;5.05;1;0;0;-3.06;.26;Destination_00;.00;6.11;.00;1.00
Agent_0025;Adulto;Bajo;Bajo;5.05;1;0;0;-1.30;.10;Destination_00;.00;6.56;.00;1.00
Agent_0026;Adulto;Bajo;Bajo;5.05;1;0;0;-3.17;-1.86;Destination_00;.00;4.97;.00;1.00
Agent_0027;Adulto;Bajo;Bajo;5.05;1;0;0;-1.30;-1.56;Destination_00;.00;3.03;.00;1.00
Agent_0028;Adulto;Bajo;Bajo;5.05;1;0;0;-3.97;1.13;Destination_00;.00;8.81;.00;1.00
Agent_0029;Adulto;Bajo;Bajo;5.05;1;0;0;-2.11;.88;Destination_00;.00;7.30;.00;1.00
Agent_0030;Adulto;Bajo;Bajo;5.05;1;0;0;-2.02;-3.36;Destination_00;.00;4.49;.00;1.00
Agent_0031;Adulto;Bajo;Bajo;5.05;1;0;0;-2.06;-1.56;Destination_00;.00;4.24;.00;1.00
Agent_0032;Adulto;Bajo;Bajo;5.05;1;0;0;.67;-1.61;Destination_00;.00;2.58;.00;1.00
Agent_0033;Adulto;Bajo;Bajo;5.05;1;0;0;-2.07;-.82;Destination_00;.00;5.72;.00;1.00
Agent_0034;Adulto;Bajo;Bajo;5.05;1;0;0;1.25;-3.47;Destination_00;.00;3.19;.00;1.00
Agent_0035;Adulto;Bajo;Bajo;5.05;1;0;0;-1.34;-3.35;Destination_00;.00;3.33;.00;1.00
Agent_0000;Adulto;Alto;Alto;6.06;1;0;0;-.07;1.25;Destination_00;1.21;5.33;.00;1.00
Agent_0001;Adulto;Alto;Alto;6.06;1;0;0;2.82;-2.90;Destination_00;.00;4.26;.00;1.00
Agent_0002;Adulto;Alto;Alto;6.06;1;0;0;1.10;-.36;Destination_00;.00;4.88;.00;1.00
Agent_0003;Adulto;Alto;Alto;6.06;0;1;0;.11;1.78;Destination_00;1.97;5.90;.00;1.00
Agent_0004;Adulto;Alto;Alto;6.06;1;0;0;-2.50;-2.00;Destination_00;.00;3.91;.00;1.00
Agent_0005;Adulto;Alto;Alto;6.06;0;1;0;2.22;-.13;Destination_00;1.43;6.03;.00;1.00
Agent_0006;Adulto;Alto;Alto;6.06;1;0;0;-1.74;3.06;Destination_00;.00;7.70;.00;1.00
Agent_0007;Adulto;Bajo;Bajo;6.06;1;0;0;2.32;-1.62;Destination_00;.00;3.57;.00;1.00
Agent_0008;Adulto;Bajo;Bajo;6.06;1;0;0;-4.14;-1.18;Destination_00;.00;5.91;.00;1.00
Agent_0009;Adulto;Bajo;Bajo;6.06;1;0;0;3.76;-1.68;Destination_00;.00;5.12;.00;1.00
Agent_0010;Adulto;Bajo;Bajo;6.06;1;0;0;-2.05;.06;Destination_00;.00;6.00;.00;1.00
Agent_0011;Adulto;Bajo;Bajo;6.06;1;0;0;1.33;-1.66;Destination_00;.00;2.91;.00;1.00
Agent_0012;Adulto;Bajo;Bajo;6.06;1;0;0;-4.04;-2.87;Destination_00;.00;5.79;.00;1.00
Agent_0013;Adulto;Bajo;Bajo;6.06;1;0;0;-1.30;.92;Destination_00;.00;6.73;.00;1.00
Agent_0014;Adulto;Bajo;Bajo;6.06;1;0;0;-4.07;-.59;Destination_00;.00;6.57;.00;1.00
Agent_0015;Adulto;Bajo;Bajo;6.06;1;0;0;-4.04;-1.94;Destination_00;.00;5.83;.00;1.00
Agent_0016;Adulto;Bajo;Bajo;6.06;1;0;0;-3.22;-2.79;Destination_00;.00;4.93;.00;1.00
Agent_0017;Adulto;Bajo;Bajo;6.06;1;0;0;2.11;-3.35;Destination_00;.00;4.83;.00;1.00
Agent_0018;Adulto;Bajo;Bajo;6.06;1;0;0;-3.93;.30;Destination_00;.00;6.73;.00;1.00
Agent_0019;Adulto;Bajo;Bajo;6.06;1;0;0;-1.33;-.79;Destination_00;.00;6.50;.00;1.00
Agent_0020;Adulto;Bajo;Bajo;6.06;1;0;0;-2.99;3.30;Destination_00;.00;9.08;.00;1.00
Agent_0021;Adulto;Bajo;Bajo;6.06;1;0;0;2.16;-2.60;Destination_00;.00;4.09;.00;1.00
Agent_0022;Adulto;Bajo;Bajo;6.06;1;0;0;-3.08;1.09;Destination_00;.00;7.50;.00;1.00
Agent_0023;Adulto;Bajo;Bajo;6.06;1;0;0;3.11;-1.62;Destination_00;.00;4.96;.00;1.00
Agent_0024;Adulto;Bajo;Bajo;6.06;1;0;0;-3.06;.26;Destination_00;.00;6.11;.00;1.00
Agent_0025;Adulto;Bajo;Bajo;6.06;1;0;0;-1.30;.10;Destination_00;.00;6.56;.00;1.00
Agent_0026;Adulto;Bajo;Bajo;6.06;1;0;0;-3.17;-1.86;Destination_00;.00;4.97;.00;1.00
Agent_0027;Adulto;Bajo;Bajo;6.06;1;0;0;-1.30;-1.56;Destination_00;.00;3.03;.00;1.00
Agent_0028;Adulto;Bajo;Bajo;6.06;1;0;0;-3.97;1.13;Destination_00;.00;8.81;.00;1.00
Agent_0029;Adulto;Bajo;Bajo;6.06;1;0;0;-2.11;.88;Destination_00;.00;7.30;.00;1.00
Agent_0030;Adulto;Bajo;Bajo;6.06;1;0;0;-2.02;-3.36;Destination_00;.00;4.49;.00;1.00
Agent_0031;Adulto;Bajo;Bajo;6.06;1;0;0;-2.06;-1.56;Destination_00;.00;4.24;.00;1.00
Agent_0032;Adulto;Bajo;Bajo;6.06;1;0;0;.67;-1.61;Destination_00;.00;2.58;.00;1.00
Agent_0033;Adulto;Bajo;Bajo;6.06;1;0;0;-2.07;-.82;Destination_00;.00;5.72;.00;1.00
Agent_0034;Adulto;Bajo;Bajo;6.06;1;0;0;1.25;-3.47;Destination_00;.00;3.19;.00;1.00
Agent_0035;Adulto;Bajo;Bajo;6.06;1;0;0;-1.34;-3.35;Destination_00;.00;3.33;.00;1.00
Agent_0000;Adulto;Alto;Alto;7.07;1;0;0;-.14;.25;Destination_00;2.23;4.32;.00;1.00
Agent_0001;Adulto;Alto;Alto;7.07;1;0;0;2.82;-2.90;Destination_00;.00;4.26;.00;1.00
Agent_0002;Adulto;Alto;Alto;7.07;1;0;0;.76;-.38;Destination_00;.33;4.55;.00;1.00
Agent_0003;Adulto;Alto;Alto;7.07;0;1;0;-.12;.81;Destination_00;2.98;4.88;.00;1.00
Agent_0004;Adulto;Alto;Alto;7.07;1;0;0;-2.50;-2.00;Destination_00;.00;3.91;.00;1.00
Agent_0005;Adulto;Alto;Alto;7.07;0;1;0;1.24;-.25;Destination_00;2.42;5.04;.00;1.00
Agent_0006;Adulto;Alto;Alto;7.07;1;0;0;-1.74;3.06;Destination_00;.00;7.70;.00;1.00
Agent_0007;Adulto;Bajo;Bajo;7.07;1;0;0;2.32;-1.62;Destination_00;.00;3.57;.00;1.00
Agent_0008;Adulto;Bajo;Bajo;7.07;1;0;0;-4.14;-1.18;Destination_00;.00;5.91;.00;1.00
Agent_0009;Adulto;Bajo;Bajo;7.07;1;0;0;3.76;-1.68;Destination_00;.00;5.12;.00;1.00
Agent_0010;Adulto;Bajo;Bajo;7.07;1;0;0;-2.05;.06;Destination_00;.00;6.00;.00;1.00
Agent_0011;Adulto;Bajo;Bajo;7.07;1;0;0;1.33;-1.66;Destination_00;.00;2.91;.00;1.00
Agent_0012;Adulto;Bajo;Bajo;7.07;1;0;0;-4.04;-2.87;Destination_00;.00;5.79;.00;1.00
Agent_0013;Adulto;Bajo;Bajo;7.07;1;0;0;-1.30;.92;Destination_00;.00;6.73;.00;1.00
Agent_0014;Adulto;Bajo;Bajo;7.07;1;0;0;-4.07;-.59;Destination_00;.00;6.57;.00;1.00
Agent_0015;Adulto;Bajo;Bajo;7.07;1;0;0;-4.04;-1.94;Destination_00;.00;5.83;.00;1.00
Agent_0016;Adulto;Bajo;Bajo;7.07;1;0;0;-3.22;-2.79;Destination_00;.00;4.93;.00;1.00
Agent_0017;Adulto;Bajo;Bajo;7.07;1;0;0;2.11;-3.35;Destination_00;.00;4.83;.00;1.00
Agent_0018;Adulto;Bajo;Bajo;7.07;1;0;0;-3.93;.30;Destination_00;.00;6.73;.00;1.00
Agent_0019;Adulto;Bajo;Bajo;7.07;1;0;0;-1.33;-.79;Destination_00;.00;6.50;.00;1.00
Agent_0020;Adulto;Bajo;Bajo;7.07;1;0;0;-2.99;3.30;Destination_00;.00;9.08;.00;1.00
Agent_0021;Adulto;Bajo;Bajo;7.07;1;0;0;2.16;-2.60;Destination_00;.00;4.09;.00;1.00
Agent_0022;Adulto;Bajo;Bajo;7.07;1;0;0;-3.08;1.09;Destination_00;.00;7.50;.00;1.00
Agent_0023;Adulto;Bajo;Bajo;7.07;1;0;0;3.11;-1.62;Destination_00;.00;4.96;.00;1.00
Agent_0024;Adulto;Bajo;Bajo;7.07;1;0;0;-3.06;.26;Destination_00;.00;6.11;.00;1.00
Agent_0025;Adulto;Bajo;Bajo;7.07;1;0;0;-1.30;.10;Destination_00;.00;6.56;.00;1.00
Agent_0026;Adulto;Bajo;Bajo;7.07;1;0;0;-3.17;-1.86;Destination_00;.00;4.97;.00;1.00
Agent_0027;Adulto;Bajo;Bajo;7.07;1;0;0;-1.30;-1.56;Destination_00;.00;3.03;.00;1.00
Agent_0028;Adulto;Bajo;Bajo;7.07;1;0;0;-3.97;1.13;Destination_00;.00;8.81;.00;1.00
Agent_0029;Adulto;Bajo;Bajo;7.07;1;0;0;-2.11;.88;Destination_00;.00;7.30;.00;1.00
Agent_0030;Adulto;Bajo;Bajo;7.07;1;0;0;-2.02;-3.36;Destination_00;.00;4.49;.00;1.00
Agent_0031;Adulto;Bajo;Bajo;7.07;1;0;0;-2.06;-1.56;Destination_00;.00;4.24;.00;1.00
Agent_0032;Adulto;Bajo;Bajo;7.07;1;0;0;.67;-1.61;Destination_00;.00;2.58;.00;1.00
Agent_0033;Adulto;Bajo;Bajo;7.07;1;0;0;-2.07;-.82;Destination_00;.00;5.72;.00;1.00
Agent_0034;Adulto;Bajo;Bajo;7.07;1;0;0;1.25;-3.47;Destination_00;.00;3.19;.00;1.00
Agent_0035;Adulto;Bajo;Bajo;7.07;1;0;0;-1.34;-3.35;Destination_00;.00;3.33;.00;1.00
Agent_0000;Adulto;Alto;Alto;8.08;1;0;0;-.40;-.79;Destination_00;3.33;3.30;.00;1.00
Agent_0001;Adulto;Alto;Alto;8.08;1;0;0;2.82;-2.90;Destination_00;.00;4.26;.00;1.00
Agent_0002;Adulto;Alto;Alto;8.08;0;1;0;-.01;-.51;Destination_00;1.17;3.75;.00;1.00
Agent_0003;Adulto;Alto;Alto;8.08;0;1;0;-.24;-.09;Destination_00;3.92;3.98;.00;1.00
Agent_0004;Adulto;Alto;Alto;8.08;1;0;0;-2.50;-2.00;Destination_00;.00;3.91;.00;1.00
Agent_0005;Adulto;Alto;Alto;8.08;0;1;0;.43;-.34;Destination_00;3.24;4.22;.00;1.00
Agent_0006;Adulto;Alto;Alto;8.08;0;1;0;-1.62;2.75;Destination_00;.31;7.38;.00;1.00
Agent_0007;Adulto;Bajo;Bajo;8.08;1;0;0;2.32;-1.62;Destination_00;.00;3.57;.00;1.00
Agent_0008;Adulto;Bajo;Bajo;8.08;1;0;0;-4.14;-1.18;Destination_00;.00;5.91;.00;1.00
Agent_0009;Adulto;Bajo;Bajo;8.08;1;0;0;3.76;-1.68;Destination_00;.00;5.12;.00;1.00
Agent_0010;Adulto;Bajo;Bajo;8.08;1;0;0;-2.05;.06;Destination_00;.00;6.00;.00;1.00
Agent_0011;Adulto;Bajo;Bajo;8.08;1;0;0;1.33;-1.66;Destination_00;.00;2.91;.00;1.00
Agent_0012;Adulto;Bajo;Bajo;8.08;1;0;0;-4.04;-2.87;Destination_00;.00;5.79;.00;1.00
Agent_0013;Adulto;Bajo;Bajo;8.08;1;0;0;-1.30;.92;Destination_00;.00;6.73;.00;1.00
Agent_0014;Adulto;Bajo;Bajo;8.08;1;0;0;-4.07;-.59;Destination_00;.00;6.57;.00;1.00
Agent_0015;Adulto;Bajo;Bajo;8.08;1;0;0;-4.04;-1.94;Destination_00;.00;5.83;.00;1.00
Agent_0016;Adulto;Bajo;Bajo;8.08;1;0;0;-3.22;-2.79;Destination_00;.00;4.93;.00;1.00
Agent_0017;Adulto;Bajo;Bajo;8.08;1;0;0;2.11;-3.35;Destination_00;.00;4.83;.00;1.00
Agent_0018;Adulto;Bajo;Bajo;8.08;1;0;0;-3.93;.30;Destination_00;.00;6.73;.00;1.00
Agent_0019;Adulto;Bajo;Bajo;8.08;1;0;0;-1.33;-.79;Destination_00;.00;6.50;.00;1.00
Agent_0020;Adulto;Bajo;Bajo;8.08;1;0;0;-2.99;3.30;Destination_00;.00;9.08;.00;1.00
Agent_0021;Adulto;Bajo;Bajo;8.08;1;0;0;2.16;-2.60;Destination_00;.00;4.09;.00;1.00
Agent_0022;Adulto;Bajo;Bajo;8.08;1;0;0;-3.08;1.09;Destination_00;.00;7.50;.00;1.00
Agent_0023;Adulto;Bajo;Bajo;8.08;1;0;0;3.11;-1.62;Destination_00;.00;4.96;.00;1.00
Agent_0024;Adulto;Bajo;Bajo;8.08;1;0;0;-3.06;.26;Destination_00;.00;6.11;.00;1.00
Agent_0025;Adulto;Bajo;Bajo;8.08;1;0;0;-1.30;.10;Destination_00;.00;6.56;.00;1.00
Agent_0026;Adulto;Bajo;Bajo;8.08;1;0;0;-3.17;-1.86;Destination_00;.00;4.97;.00;1.00
Agent_0027;Adulto;Bajo;Bajo;8.08;1;0;0;-1.30;-1.56;Destination_00;.00;3.03;.00;1.00
Agent_0028;Adulto;Bajo;Bajo;8.08;1;0;0;-3.97;1.13;Destination_00;.00;8.81;.00;1.00
Agent_0029;Adulto;Bajo;Bajo;8.08;1;0;0;-2.11;.88;Destination_00;.00;7.30;.00;1.00
Agent_0030;Adulto;Bajo;Bajo;8.08;1;0;0;-2.02;-3.36;Destination_00;.00;4.49;.00;1.00
Agent_0031;Adulto;Bajo;Bajo;8.08;1;0;0;-2.06;-1.56;Destination_00;.00;4.24;.00;1.00
Agent_0032;Adulto;Bajo;Bajo;8.08;1;0;0;.67;-1.61;Destination_00;.00;2.58;.00;1.00
Agent_0033;Adulto;Bajo;Bajo;8.08;1;0;0;-2.07;-.82;Destination_00;.00;5.72;.00;1.00
Agent_0034;Adulto;Bajo;Bajo;8.08;1;0;0;1.25;-3.47;Destination_00;.00;3.19;.00;1.00
Agent_0035;Adulto;Bajo;Bajo;8.08;1;0;0;-1.34;-3.35;Destination_00;.00;3.33;.00;1.00
Agent_0000;Adulto;Alto;Alto;9.09;1;0;0;-.01;-1.67;Destination_00;4.31;2.38;.00;1.00
Agent_0001;Adulto;Alto;Alto;9.09;0;1;0;2.79;-2.87;Destination_00;.03;4.22;.00;1.00
Agent_0002;Adulto;Alto;Alto;9.09;0;1;0;-.20;-1.19;Destination_00;1.94;2.90;.00;1.00
Agent_0003;Adulto;Alto;Alto;9.09;0;1;0;-.30;-.70;Destination_00;4.63;3.37;.00;1.00
Agent_0004;Adulto;Alto;Alto;9.09;0;1;0;-2.02;-2.12;Destination_00;.48;3.43;.00;1.00
Agent_0005;Adulto;Alto;Alto;9.09;0;1;0;.10;-.43;Destination_00;3.69;3.87;.00;1.00
Agent_0006;Adulto;Alto;Alto;9.09;0;1;0;-1.22;1.83;Destination_00;1.33;6.36;.00;1.00
Agent_0007;Adulto;Bajo;Bajo;9.09;1;0;0;2.32;-1.62;Destination_00;.00;3.57;.00;1.00
Agent_0008;Adulto;Bajo;Bajo;9.09;1;0;0;-4.14;-1.18;Destination_00;.00;5.91;.00;1.00
Agent_0009;Adulto;Bajo;Bajo;9.09;1;0;0;3.76;-1.68;Destination_00;.00;5.12;.00;1.00
Agent_0010;Adulto;Bajo;Bajo;9.09;1;0;0;-2.05;.06;Destination_00;.00;6.00;.00;1.00
Agent_0011;Adulto;Bajo;Bajo;9.09;1;0;0;1.33;-1.66;Destination_00;.00;2.91;.00;1.00
Agent_0012;Adulto;Bajo;Bajo;9.09;1;0;0;-4.04;-2.87;Destination_00;.00;5.79;.00;1.00
Agent_0013;Adulto;Bajo;Bajo;9.09;1;0;0;-1.30;.92;Destination_00;.00;6.73;.00;1.00
Agent_0014;Adulto;Bajo;Bajo;9.09;1;0;0;-4.07;-.59;Destination_00;.00;6.57;.00;1.00
Agent_0015;Adulto;Bajo;Bajo;9.09;1;0;0;-4.04;-1.94;Destination_00;.00;5.83;.00;1.00
Agent_0016;Adulto;Bajo;Bajo;9.09;1;0;0;-3.22;-2.79;Destination_00;.00;4.93;.00;1.00
Agent_0017;Adulto;Bajo;Bajo;9.09;1;0;0;2.11;-3.35;Destination_00;.00;4.83;.00;1.00
Agent_0018;Adulto;Bajo;Bajo;9.09;1;0;0;-3.93;.30;Destination_00;.00;6.73;.00;1.00
Agent_0019;Adulto;Bajo;Bajo;9.09;1;0;0;-1.33;-.79;Destination_00;.00;6.50;.00;1.00
Agent_0020;Adulto;Bajo;Bajo;9.09;1;0;0;-2.99;3.30;Destination_00;.00;9.08;.00;1.00
Agent_0021;Adulto;Bajo;Bajo;9.09;1;0;0;2.16;-2.60;Destination_00;.00;4.09;.00;1.00
Agent_0022;Adulto;Bajo;Bajo;9.09;1;0;0;-3.08;1.09;Destination_00;.00;7.50;.00;1.00
Agent_0023;Adulto;Bajo;Bajo;9.09;1;0;0;3.11;-1.62;Destination_00;.00;4.96;.00;1.00
Agent_0024;Adulto;Bajo;Bajo;9.09;1;0;0;-3.06;.26;Destination_00;.00;6.11;.00;1.00
Agent_0025;Adulto;Bajo;Bajo;9.09;1;0;0;-1.30;.10;Destination_00;.00;6.56;.00;1.00
Agent_0026;Adulto;Bajo;Bajo;9.09;1;0;0;-3.17;-1.86;Destination_00;.00;4.97;.00;1.00
Agent_0027;Adulto;Bajo;Bajo;9.09;1;0;0;-1.30;-1.56;Destination_00;.00;3.03;.00;1.00
Agent_0028;Adulto;Bajo;Bajo;9.09;1;0;0;-3.97;1.13;Destination_00;.00;8.81;.00;1.00
Agent_0029;Adulto;Bajo;Bajo;9.09;1;0;0;-2.11;.88;Destination_00;.00;7.30;.00;1.00
Agent_0030;Adulto;Bajo;Bajo;9.09;1;0;0;-2.02;-3.36;Destination_00;.00;4.49;.00;1.00
Agent_0031;Adulto;Bajo;Bajo;9.09;1;0;0;-2.06;-1.56;Destination_00;.00;4.24;.00;1.00
Agent_0032;Adulto;Bajo;Bajo;9.09;1;0;0;.67;-1.61;Destination_00;.00;2.58;.00;1.00
Agent_0033;Adulto;Bajo;Bajo;9.09;1;0;0;-2.07;-.82;Destination_00;.00;5.72;.00;1.00
Agent_0034;Adulto;Bajo;Bajo;9.09;1;0;0;1.25;-3.47;Destination_00;.00;3.19;.00;1.00
Agent_0035;Adulto;Bajo;Bajo;9.09;1;0;0;-1.34;-3.35;Destination_00;.00;3.33;.00;1.00
Agent_0000;Adulto;Alto;Alto;10.11;0;1;0;.07;-2.68;Destination_00;5.33;1.36;.00;1.00
Agent_0001;Adulto;Alto;Alto;10.11;0;1;0;2.48;-2.48;Destination_00;.62;3.72;.00;1.00
Agent_0002;Adulto;Alto;Alto;10.11;0;1;0;-.10;-2.15;Destination_00;2.92;1.91;.00;1.00
Agent_0003;Adulto;Alto;Alto;10.11;0;1;0;-.21;-1.43;Destination_00;5.38;2.64;.00;1.00
Agent_0004;Adulto;Alto;Alto;10.11;0;1;0;-1.03;-2.36;Destination_00;1.49;2.42;.00;1.00
Agent_0005;Adulto;Alto;Alto;10.11;0;1;0;-.23;-.89;Destination_00;4.37;3.18;.00;1.00
Agent_0006;Adulto;Alto;Alto;10.11;0;1;0;-.44;1.25;Destination_00;2.34;5.33;.00;1.00
Agent_0007;Adulto;Bajo;Bajo;10.11;1;0;0;2.32;-1.62;Destination_00;.00;3.57;.00;1.00
Agent_0008;Adulto;Bajo;Bajo;10.11;1;0;0;-4.14;-1.18;Destination_00;.00;5.91;.00;1.00
Agent_0009;Adulto;Bajo;Bajo;10.11;1;0;0;3.76;-1.68;Destination_00;.00;5.12;.00;1.00
Agent_0010;Adulto;Bajo;Bajo;10.11;1;0;0;-2.05;.06;Destination_00;.00;6.00;.00;1.00
Agent_0011;Adulto;Bajo;Bajo;10.11;1;0;0;1.33;-1.66;Destination_00;.00;2.91;.00;1.00
Agent_0012;Adulto;Bajo;Bajo;10.11;1;0;0;-4.04;-2.87;Destination_00;.00;5.79;.00;1.00
Agent_0013;Adulto;Bajo;Bajo;10.11;1;0;0;-1.30;.92;Destination_00;.00;6.73;.00;1.00
Agent_0014;Adulto;Bajo;Bajo;10.11;1;0;0;-4.07;-.59;Destination_00;.00;6.57;.00;1.00
Agent_0015;Adulto;Bajo;Bajo;10.11;1;0;0;-4.04;-1.94;Destination_00;.00;5.83;.00;1.00
Agent_0016;Adulto;Bajo;Bajo;10.11;1;0;0;-3.22;-2.79;Destination_00;.00;4.93;.00;1.00
Agent_0017;Adulto;Bajo;Bajo;10.11;1;0;0;2.11;-3.35;Destination_00;.00;4.83;.00;1.00
Agent_0018;Adulto;Bajo;Bajo;10.11;1;0;0;-3.93;.30;Destination_00;.00;6.73;.00;1.00
Agent_0019;Adulto;Bajo;Bajo;10.11;1;0;0;-1.33;-.79;Destination_00;.00;6.50;.00;1.00
Agent_0020;Adulto;Bajo;Bajo;10.11;1;0;0;-2.99;3.30;Destination_00;.00;9.08;.00;1.00
Agent_0021;Adulto;Bajo;Bajo;10.11;1;0;0;2.07;-2.32;Destination_00;.38;4.18;.00;1.00
Agent_0022;Adulto;Bajo;Bajo;10.11;1;0;0;-3.08;1.09;Destination_00;.00;7.50;.00;1.00
Agent_0023;Adulto;Bajo;Bajo;10.11;1;0;0;3.11;-1.62;Destination_00;.00;4.96;.00;1.00
Agent_0024;Adulto;Bajo;Bajo;10.11;1;0;0;-3.06;.26;Destination_00;.00;6.11;.00;1.00
Agent_0025;Adulto;Bajo;Bajo;10.11;1;0;0;-1.30;.10;Destination_00;.00;6.56;.00;1.00
Agent_0026;Adulto;Bajo;Bajo;10.11;1;0;0;-3.17;-1.86;Destination_00;.00;4.97;.00;1.00
Agent_0027;Adulto;Bajo;Bajo;10.11;1;0;0;-1.30;-1.56;Destination_00;.00;3.03;.00;1.00
Agent_0028;Adulto;Bajo;Bajo;10.11;1;0;0;-3.97;1.13;Destination_00;.00;8.81;.00;1.00
Agent_0029;Adulto;Bajo;Bajo;10.11;1;0;0;-2.11;.88;Destination_00;.00;7.30;.00;1.00
Agent_0030;Adulto;Bajo;Bajo;10.11;1;0;0;-2.02;-3.36;Destination_00;.00;4.49;.00;1.00
Agent_0031;Adulto;Bajo;Bajo;10.11;1;0;0;-2.06;-1.56;Destination_00;.00;4.24;.00;1.00
Agent_0032;Adulto;Bajo;Bajo;10.11;1;0;0;.67;-1.61;Destination_00;.00;2.58;.00;1.00
Agent_0033;Adulto;Bajo;Bajo;10.11;1;0;0;-2.07;-.82;Destination_00;.00;5.72;.00;1.00
Agent_0034;Adulto;Bajo;Bajo;10.11;1;0;0;1.25;-3.47;Destination_00;.00;3.19;.00;1.00
Agent_0035;Adulto;Bajo;Bajo;10.11;1;0;0;-1.34;-3.35;Destination_00;.00;3.33;.00;1.00
Agent_0000;Adulto;Alto;Alto;10.11;0;0;1;.14;-3.61;Destination_00;6.26;.43;.00;1.00
Agent_0001;Adulto;Alto;Alto;11.12;0;1;0;1.94;-2.16;Destination_00;1.33;3.05;.00;1.00
Agent_0002;Adulto;Alto;Alto;11.12;0;1;0;.06;-3.16;Destination_00;3.94;.89;.00;1.00
Agent_0003;Adulto;Alto;Alto;11.12;0;1;0;.09;-2.22;Destination_00;6.33;1.82;.00;1.00
Agent_0004;Adulto;Alto;Alto;11.12;0;1;0;-.15;-2.58;Destination_00;2.40;1.51;.00;1.00
Agent_0005;Adulto;Alto;Alto;11.12;0;1;0;-.15;-1.80;Destination_00;5.29;2.26;.00;1.00
Agent_0006;Adulto;Alto;Alto;11.12;0;1;0;-.36;.24;Destination_00;3.35;4.32;.00;1.00
Agent_0007;Adulto;Bajo;Bajo;11.12;1;0;0;2.32;-1.62;Destination_00;.00;3.57;.00;1.00
Agent_0008;Adulto;Bajo;Bajo;11.12;1;0;0;-4.14;-1.18;Destination_00;.00;5.91;.00;1.00
Agent_0009;Adulto;Bajo;Bajo;11.12;1;0;0;3.76;-1.68;Destination_00;.00;5.12;.00;1.00
Agent_0010;Adulto;Bajo;Bajo;11.12;1;0;0;-2.05;.06;Destination_00;.00;6.00;.00;1.00
Agent_0011;Adulto;Bajo;Bajo;11.12;1;0;0;1.37;-1.74;Destination_00;.08;2.84;.00;1.00
Agent_0012;Adulto;Bajo;Bajo;11.12;1;0;0;-4.04;-2.87;Destination_00;.00;5.79;.00;1.00
Agent_0013;Adulto;Bajo;Bajo;11.12;1;0;0;-1.30;.92;Destination_00;.00;6.73;.00;1.00
Agent_0014;Adulto;Bajo;Bajo;11.12;1;0;0;-4.07;-.59;Destination_00;.00;6.57;.00;1.00
Agent_0015;Adulto;Bajo;Bajo;11.12;1;0;0;-4.04;-1.94;Destination_00;.00;5.83;.00;1.00
Agent_0016;Adulto;Bajo;Bajo;11.12;1;0;0;-3.22;-2.79;Destination_00;.00;4.93;.00;1.00
Agent_0017;Adulto;Bajo;Bajo;11.12;1;0;0;2.11;-3.35;Destination_00;.00;4.83;.00;1.00
Agent_0018;Adulto;Bajo;Bajo;11.12;1;0;0;-3.93;.30;Destination_00;.00;6.73;.00;1.00
Agent_0019;Adulto;Bajo;Bajo;11.12;1;0;0;-1.33;-.79;Destination_00;.00;6.50;.00;1.00
Agent_0020;Adulto;Bajo;Bajo;11.12;1;0;0;-2.99;3.30;Destination_00;.00;9.08;.00;1.00
Agent_0021;Adulto;Bajo;Bajo;11.12;1;0;0;1.34;-2.23;Destination_00;1.32;2.40;.00;1.00
Agent_0022;Adulto;Bajo;Bajo;11.12;1;0;0;-3.08;1.09;Destination_00;.00;7.50;.00;1.00
Agent_0023;Adulto;Bajo;Bajo;11.12;1;0;0;3.11;-1.62;Destination_00;.00;4.96;.00;1.00
Agent_0024;Adulto;Bajo;Bajo;11.12;1;0;0;-3.06;.26;Destination_00;.00;6.11;.00;1.00
Agent_0025;Adulto;Bajo;Bajo;11.12;1;0;0;-1.30;.10;Destination_00;.00;6.56;.00;1.00
Agent_0026;Adulto;Bajo;Bajo;11.12;1;0;0;-3.17;-1.86;Destination_00;.00;4.97;.00;1.00
Agent_0027;Adulto;Bajo;Bajo;11.12;1;0;0;-1.30;-1.56;Destination_00;.00;3.03;.00;1.00
Agent_0028;Adulto;Bajo;Bajo;11.12;1;0;0;-3.97;1.13;Destination_00;.00;8.81;.00;1.00
Agent_0029;Adulto;Bajo;Bajo;11.12;1;0;0;-2.11;.88;Destination_00;.00;7.30;.00;1.00
Agent_0030;Adulto;Bajo;Bajo;11.12;1;0;0;-2.02;-3.36;Destination_00;.00;4.49;.00;1.00
Agent_0031;Adulto;Bajo;Bajo;11.12;1;0;0;-2.06;-1.56;Destination_00;.00;4.24;.00;1.00
Agent_0032;Adulto;Bajo;Bajo;11.12;1;0;0;.67;-1.61;Destination_00;.00;2.58;.00;1.00
Agent_0033;Adulto;Bajo;Bajo;11.12;1;0;0;-2.07;-.82;Destination_00;.00;5.72;.00;1.00
Agent_0034;Adulto;Bajo;Bajo;11.12;1;0;0;1.25;-3.47;Destination_00;.00;3.19;.00;1.00
Agent_0035;Adulto;Bajo;Bajo;11.12;1;0;0;-1.34;-3.35;Destination_00;.00;3.33;.00;1.00
Agent_0002;Adulto;Alto;Alto;11.12;0;0;1;.12;-3.61;Destination_00;4.38;.44;.00;1.00
Agent_0004;Adulto;Alto;Alto;11.12;0;0;1;.08;-3.62;Destination_00;3.47;.44;.00;1.00
Agent_0001;Adulto;Alto;Alto;12.13;0;1;0;1.38;-2.38;Destination_00;2.01;2.70;.00;1.00
Agent_0003;Adulto;Alto;Alto;12.13;0;1;0;.20;-3.16;Destination_00;7.31;.88;.00;1.00
Agent_0005;Adulto;Alto;Alto;12.13;0;1;0;-.04;-2.73;Destination_00;6.23;1.32;.00;1.00
Agent_0006;Adulto;Alto;Alto;12.13;0;1;0;-.27;-.77;Destination_00;4.36;3.30;.00;1.00
Agent_0007;Adulto;Bajo;Bajo;12.13;1;0;0;2.32;-1.62;Destination_00;.00;3.57;.00;1.00
Agent_0008;Adulto;Bajo;Bajo;12.13;1;0;0;-4.14;-1.18;Destination_00;.00;5.91;.00;1.00
Agent_0009;Adulto;Bajo;Bajo;12.13;0;1;0;3.37;-2.07;Destination_00;.61;4.48;.00;1.00
Agent_0010;Adulto;Bajo;Bajo;12.13;1;0;0;-2.05;.06;Destination_00;.00;6.00;.00;1.00
Agent_0011;Adulto;Bajo;Bajo;12.13;1;0;0;1.39;-1.92;Destination_00;.52;2.64;.00;1.00
Agent_0012;Adulto;Bajo;Bajo;12.13;1;0;0;-4.04;-2.87;Destination_00;.00;5.79;.00;1.00
Agent_0013;Adulto;Bajo;Bajo;12.13;1;0;0;-1.30;.92;Destination_00;.00;6.73;.00;1.00
Agent_0014;Adulto;Bajo;Bajo;12.13;1;0;0;-4.07;-.59;Destination_00;.00;6.57;.00;1.00
Agent_0015;Adulto;Bajo;Bajo;12.13;0;1;0;-3.52;-1.53;Destination_00;.69;5.10;.00;1.00
Agent_0016;Adulto;Bajo;Bajo;12.13;1;0;0;-3.22;-2.79;Destination_00;.00;4.93;.00;1.00
Agent_0017;Adulto;Bajo;Bajo;12.13;1;0;0;2.11;-3.35;Destination_00;.00;4.83;.00;1.00
Agent_0018;Adulto;Bajo;Bajo;12.13;1;0;0;-3.93;.30;Destination_00;.00;6.73;.00;1.00
Agent_0019;Adulto;Bajo;Bajo;12.13;0;1;0;-1.44;-.74;Destination_00;.11;6.39;.00;1.00
Agent_0020;Adulto;Bajo;Bajo;12.13;1;0;0;-2.99;3.30;Destination_00;.00;9.08;.00;1.00
Agent_0021;Adulto;Bajo;Bajo;12.13;1;0;0;.59;-2.55;Destination_00;2.15;1.59;.00;1.00
Agent_0022;Adulto;Bajo;Bajo;12.13;1;0;0;-3.08;1.09;Destination_00;.00;7.50;.00;1.00
Agent_0023;Adulto;Bajo;Bajo;12.13;1;0;0;3.11;-1.62;Destination_00;.00;4.96;.00;1.00
Agent_0024;Adulto;Bajo;Bajo;12.13;1;0;0;-3.06;.26;Destination_00;.00;6.11;.00;1.00
Agent_0025;Adulto;Bajo;Bajo;12.13;1;0;0;-1.30;.10;Destination_00;.00;6.56;.00;1.00
Agent_0026;Adulto;Bajo;Bajo;12.13;1;0;0;-3.17;-1.86;Destination_00;.00;4.97;.00;1.00
Agent_0027;Adulto;Bajo;Bajo;12.13;1;0;0;-1.30;-1.56;Destination_00;.00;3.03;.00;1.00
Agent_0028;Adulto;Bajo;Bajo;12.13;1;0;0;-3.97;1.13;Destination_00;.00;8.81;.00;1.00
Agent_0029;Adulto;Bajo;Bajo;12.13;1;0;0;-2.11;.88;Destination_00;.00;7.30;.00;1.00
Agent_0030;Adulto;Bajo;Bajo;12.13;0;1;0;-2.42;-3.15;Destination_00;.45;4.04;.00;1.00
Agent_0031;Adulto;Bajo;Bajo;12.13;1;0;0;-2.06;-1.56;Destination_00;.00;4.24;.00;1.00
Agent_0032;Adulto;Bajo;Bajo;12.13;1;0;0;.67;-1.61;Destination_00;.00;2.58;.00;1.00
Agent_0033;Adulto;Bajo;Bajo;12.13;1;0;0;-2.07;-.82;Destination_00;.00;5.72;.00;1.00
Agent_0034;Adulto;Bajo;Bajo;12.13;1;0;0;1.25;-3.47;Destination_00;.00;3.19;.00;1.00
Agent_0035;Adulto;Bajo;Bajo;12.13;1;0;0;-1.34;-3.35;Destination_00;.00;3.33;.00;1.00
Agent_0003;Adulto;Alto;Alto;12.13;0;0;1;.20;-3.60;Destination_00;7.72;.47;.00;1.00
Agent_0005;Adulto;Alto;Alto;12.13;0;0;1;.05;-3.63;Destination_00;7.12;.44;.00;1.00
Agent_0001;Adulto;Alto;Alto;13.16;0;1;0;.81;-2.47;Destination_00;2.75;1.81;.00;1.00
Agent_0006;Adulto;Alto;Alto;13.16;0;1;0;-.15;-1.67;Destination_00;5.28;2.39;.00;1.00
Agent_0007;Adulto;Bajo;Bajo;13.16;1;0;0;2.32;-1.62;Destination_00;.00;3.57;.00;1.00
Agent_0008;Adulto;Bajo;Bajo;13.16;1;0;0;-4.14;-1.18;Destination_00;.00;5.91;.00;1.00
Agent_0009;Adulto;Bajo;Bajo;13.16;0;1;0;2.38;-2.14;Destination_00;1.62;3.49;.00;1.00
Agent_0010;Adulto;Bajo;Bajo;13.16;0;1;0;-2.41;-.28;Destination_00;.55;5.51;.00;1.00
Agent_0011;Adulto;Bajo;Bajo;13.16;1;0;0;1.24;-2.18;Destination_00;1.11;2.33;.09;1.08
Agent_0012;Adulto;Bajo;Bajo;13.16;1;0;0;-4.04;-2.87;Destination_00;.00;5.79;.00;1.00
Agent_0013;Adulto;Bajo;Bajo;13.16;1;0;0;-1.30;.92;Destination_00;.00;6.73;.00;1.00
Agent_0014;Adulto;Bajo;Bajo;13.16;1;0;0;-4.07;-.59;Destination_00;.00;6.57;.00;1.00
Agent_0015;Adulto;Bajo;Bajo;13.16;0;1;0;-2.64;-1.34;Destination_00;1.68;4.43;.00;1.00
Agent_0016;Adulto;Bajo;Bajo;13.16;1;0;0;-3.22;-2.79;Destination_00;.00;4.93;.00;1.00
Agent_0017;Adulto;Bajo;Bajo;13.16;1;0;0;2.11;-3.35;Destination_00;.00;4.83;.00;1.00
Agent_0018;Adulto;Bajo;Bajo;13.16;1;0;0;-3.93;.30;Destination_00;.00;6.73;.00;1.00
Agent_0019;Adulto;Bajo;Bajo;13.16;0;1;0;-2.01;-.52;Destination_00;.79;5.77;.00;1.00
Agent_0020;Adulto;Bajo;Bajo;13.16;1;0;0;-2.99;3.30;Destination_00;.00;9.08;.00;1.00
Agent_0021;Adulto;Bajo;Bajo;13.16;1;0;0;.34;-3.40;Destination_00;3.09;.66;.00;1.00
Agent_0022;Adulto;Bajo;Bajo;13.16;1;0;0;-3.08;1.09;Destination_00;.00;7.50;.00;1.00
Agent_0023;Adulto;Bajo;Bajo;13.16;1;0;0;3.15;-2.03;Destination_00;.68;4.26;.00;1.00
Agent_0024;Adulto;Bajo;Bajo;13.16;1;0;0;-3.06;.26;Destination_00;.00;6.11;.00;1.00
Agent_0025;Adulto;Bajo;Bajo;13.16;1;0;0;-1.30;.10;Destination_00;.00;6.56;.00;1.00
Agent_0026;Adulto;Bajo;Bajo;13.16;1;0;0;-3.04;-1.59;Destination_00;.55;4.57;.00;1.00
Agent_0027;Adulto;Bajo;Bajo;13.16;1;0;0;-1.30;-1.56;Destination_00;.00;3.03;.00;1.00
Agent_0028;Adulto;Bajo;Bajo;13.16;1;0;0;-3.97;1.13;Destination_00;.00;8.81;.00;1.00
Agent_0029;Adulto;Bajo;Bajo;13.16;1;0;0;-2.11;.88;Destination_00;.00;7.30;.00;1.00
Agent_0030;Adulto;Bajo;Bajo;13.16;0;1;0;-1.77;-2.78;Destination_00;1.26;3.19;.00;1.00
Agent_0031;Adulto;Bajo;Bajo;13.16;1;0;0;-2.06;-1.56;Destination_00;.00;4.24;.00;1.00
Agent_0032;Adulto;Bajo;Bajo;13.16;1;0;0;.67;-1.61;Destination_00;.00;2.58;.00;1.00
Agent_0033;Adulto;Bajo;Bajo;13.16;1;0;0;-2.46;-.76;Destination_00;.53;5.07;.00;1.00
Agent_0034;Adulto;Bajo;Bajo;13.16;1;0;0;1.25;-3.47;Destination_00;.00;3.19;.00;1.00
Agent_0035;Adulto;Bajo;Bajo;13.16;0;1;0;-1.31;-3.20;Destination_00;.15;3.18;.00;1.00
Agent_0021;Adulto;Bajo;Bajo;13.16;0;0;1;.28;-3.63;Destination_00;3.32;.43;.00;1.00
Agent_0001;Adulto;Alto;Alto;14.16;0;1;0;.33;-3.28;Destination_00;3.77;.78;.00;1.00
Agent_0006;Adulto;Alto;Alto;14.16;0;1;0;-.04;-2.68;Destination_00;6.29;1.38;.00;1.00
Agent_0007;Adulto;Bajo;Bajo;14.16;1;0;0;2.08;-1.67;Destination_00;.24;3.34;.00;1.00
Agent_0008;Adulto;Bajo;Bajo;14.16;1;0;0;-4.14;-1.18;Destination_00;.00;5.91;.00;1.00
Agent_0009;Adulto;Bajo;Bajo;14.16;0;1;0;1.36;-2.13;Destination_00;2.65;2.47;.00;1.00
Agent_0010;Adulto;Bajo;Bajo;14.16;0;1;0;-2.50;-1.09;Destination_00;1.48;4.68;.00;1.00
Agent_0011;Adulto;Bajo;Bajo;14.16;1;0;0;.42;-2.78;Destination_00;2.17;1.29;.15;1.13
Agent_0012;Adulto;Bajo;Bajo;14.16;1;0;0;-4.04;-2.87;Destination_00;.00;5.79;.00;1.00
Agent_0013;Adulto;Bajo;Bajo;14.16;1;0;0;-1.30;.92;Destination_00;.00;6.73;.00;1.00
Agent_0014;Adulto;Bajo;Bajo;14.16;1;0;0;-4.07;-.59;Destination_00;.00;6.57;.00;1.00
Agent_0015;Adulto;Bajo;Bajo;14.16;0;1;0;-2.11;-1.58;Destination_00;2.33;4.06;.00;1.00
Agent_0016;Adulto;Bajo;Bajo;14.16;0;1;0;-3.22;-2.79;Destination_00;.00;4.93;.00;1.00
Agent_0017;Adulto;Bajo;Bajo;14.16;1;0;0;2.11;-3.35;Destination_00;.00;4.83;.00;1.00
Agent_0018;Adulto;Bajo;Bajo;14.16;1;0;0;-3.93;.30;Destination_00;.00;6.73;.00;1.00
Agent_0019;Adulto;Bajo;Bajo;14.16;0;1;0;-2.30;-.65;Destination_00;1.26;5.33;.00;1.00
Agent_0020;Adulto;Bajo;Bajo;14.16;1;0;0;-2.99;3.30;Destination_00;.00;9.08;.00;1.00
Agent_0022;Adulto;Bajo;Bajo;14.16;0;1;0;-2.86;1.30;Destination_00;.33;7.15;.00;1.00
Agent_0023;Adulto;Bajo;Bajo;14.16;0;1;0;2.14;-2.13;Destination_00;1.69;3.25;.00;1.00
Agent_0024;Adulto;Bajo;Bajo;14.16;0;1;0;-2.78;-.49;Destination_00;.81;5.30;.00;1.00
Agent_0025;Adulto;Bajo;Bajo;14.16;1;0;0;-1.30;.10;Destination_00;.00;6.56;.00;1.00
Agent_0026;Adulto;Bajo;Bajo;14.16;1;0;0;-2.35;-1.97;Destination_00;1.42;3.79;.00;1.00
Agent_0027;Adulto;Bajo;Bajo;14.16;1;0;0;-1.30;-1.56;Destination_00;.00;3.03;.00;1.00
Agent_0028;Adulto;Bajo;Bajo;14.16;1;0;0;-3.97;1.13;Destination_00;.00;8.81;.00;1.00
Agent_0029;Adulto;Bajo;Bajo;14.16;1;0;0;-2.11;.88;Destination_00;.00;7.30;.00;1.00
Agent_0030;Adulto;Bajo;Bajo;14.16;0;1;0;-.81;-2.42;Destination_00;2.33;2.19;.00;1.00
Agent_0031;Adulto;Bajo;Bajo;14.16;1;0;0;-1.84;-2.00;Destination_00;.85;3.30;.00;1.00
Agent_0032;Adulto;Bajo;Bajo;14.16;1;0;0;.67;-1.61;Destination_00;.00;2.58;.00;1.00
Agent_0033;Adulto;Bajo;Bajo;14.16;1;0;0;-2.56;-1.55;Destination_00;1.38;4.22;.00;1.00
Agent_0034;Adulto;Bajo;Bajo;14.16;1;0;0;1.25;-3.47;Destination_00;.00;3.19;.00;1.00
Agent_0035;Adulto;Bajo;Bajo;14.16;0;1;0;-1.22;-2.70;Destination_00;.69;2.68;.00;1.00
Agent_0001;Adulto;Alto;Alto;14.16;0;0;1;.25;-3.66;Destination_00;4.16;.40;.00;1.00
Agent_0011;Adulto;Bajo;Bajo;14.16;0;0;1;.33;-3.65;Destination_00;3.02;.45;.19;1.17
Agent_0006;Adulto;Alto;Alto;15.17;0;1;0;.05;-3.60;Destination_00;7.23;.46;.00;1.00
Agent_0007;Adulto;Bajo;Bajo;15.17;1;0;0;1.82;-2.02;Destination_00;.83;2.92;.00;1.00
Agent_0008;Adulto;Bajo;Bajo;15.17;0;1;0;-3.46;-1.21;Destination_00;.75;5.12;.00;1.00
Agent_0009;Adulto;Bajo;Bajo;15.17;0;1;0;.54;-2.59;Destination_00;3.60;1.52;.00;1.00
Agent_0010;Adulto;Bajo;Bajo;15.17;0;1;0;-2.40;-1.87;Destination_00;2.31;3.87;.00;1.00
Agent_0012;Adulto;Bajo;Bajo;15.17;1;0;0;-4.04;-2.87;Destination_00;.00;5.79;.00;1.00
Agent_0013;Adulto;Bajo;Bajo;15.17;0;1;0;-1.24;1.15;Destination_00;.23;6.50;.00;1.00
Agent_0014;Adulto;Bajo;Bajo;15.17;1;0;0;-4.07;-.59;Destination_00;.00;6.57;.00;1.00
Agent_0015;Adulto;Bajo;Bajo;15.17;0;1;0;-1.96;-1.79;Destination_00;2.77;3.96;.00;1.00
Agent_0016;Adulto;Bajo;Bajo;15.17;0;1;0;-2.56;-2.95;Destination_00;.88;4.00;.00;1.00
Agent_0017;Adulto;Bajo;Bajo;15.17;1;0;0;2.11;-3.35;Destination_00;.00;4.83;.00;1.00
Agent_0018;Adulto;Bajo;Bajo;15.17;1;0;0;-3.93;.30;Destination_00;.00;6.73;.00;1.00
Agent_0019;Adulto;Bajo;Bajo;15.17;0;1;0;-2.56;-1.00;Destination_00;1.83;4.77;.00;1.00
Agent_0020;Adulto;Bajo;Bajo;15.17;1;0;0;-2.99;3.30;Destination_00;.00;9.08;.00;1.00
Agent_0022;Adulto;Bajo;Bajo;15.17;0;1;0;-2.65;.46;Destination_00;1.23;6.24;.00;1.00
Agent_0023;Adulto;Bajo;Bajo;15.17;0;1;0;1.40;-2.16;Destination_00;2.53;2.75;.00;1.00
Agent_0024;Adulto;Bajo;Bajo;15.17;0;1;0;-2.62;-1.46;Destination_00;1.83;4.32;.00;1.00
Agent_0025;Adulto;Bajo;Bajo;15.17;1;0;0;-1.30;.10;Destination_00;.00;6.56;.00;1.00
Agent_0026;Adulto;Bajo;Bajo;15.17;1;0;0;-1.39;-2.31;Destination_00;2.45;2.78;.00;1.00
Agent_0027;Adulto;Bajo;Bajo;15.17;1;0;0;-1.30;-1.56;Destination_00;.00;3.03;.00;1.00
Agent_0028;Adulto;Bajo;Bajo;15.17;1;0;0;-3.97;1.13;Destination_00;.00;8.81;.00;1.00
Agent_0029;Adulto;Bajo;Bajo;15.17;1;0;0;-2.11;.88;Destination_00;.00;7.30;.00;1.00
Agent_0030;Adulto;Bajo;Bajo;15.17;0;1;0;-.04;-2.92;Destination_00;3.38;1.15;.00;1.00
Agent_0031;Adulto;Bajo;Bajo;15.17;1;0;0;-.88;-2.32;Destination_00;1.86;2.29;.00;1.00
Agent_0032;Adulto;Bajo;Bajo;15.17;1;0;0;.67;-1.61;Destination_00;.00;2.58;.00;1.00
Agent_0033;Adulto;Bajo;Bajo;15.17;1;0;0;-2.03;-2.21;Destination_00;2.33;3.43;.00;1.00
Agent_0034;Adulto;Bajo;Bajo;15.17;1;0;0;1.25;-3.47;Destination_00;.00;3.19;.00;1.00
Agent_0035;Adulto;Bajo;Bajo;15.17;0;1;0;-.34;-2.52;Destination_00;1.66;1.70;.00;1.00
Agent_0006;Adulto;Alto;Alto;15.17;0;0;1;.06;-3.64;Destination_00;7.26;.43;.00;1.00
Agent_0030;Adulto;Bajo;Bajo;15.17;0;0;1;.09;-3.62;Destination_00;4.09;.44;.00;1.00
Agent_0007;Adulto;Bajo;Bajo;16.18;1;0;0;1.20;-2.22;Destination_00;1.57;2.28;.00;1.00
Agent_0008;Adulto;Bajo;Bajo;16.18;0;1;0;-2.79;-1.66;Destination_00;1.59;4.32;.00;1.00
Agent_0009;Adulto;Bajo;Bajo;16.18;0;1;0;.34;-3.58;Destination_00;4.61;.50;.00;1.00
Agent_0010;Adulto;Bajo;Bajo;16.18;0;1;0;-1.61;-2.21;Destination_00;3.32;3.02;.00;1.00
Agent_0012;Adulto;Bajo;Bajo;16.18;1;0;0;-4.04;-2.87;Destination_00;.00;5.79;.00;1.00
Agent_0013;Adulto;Bajo;Bajo;16.18;0;1;0;-.50;1.41;Destination_00;1.21;5.52;.00;1.00
Agent_0014;Adulto;Bajo;Bajo;16.18;1;0;0;-4.07;-.59;Destination_00;.00;6.57;.00;1.00
Agent_0015;Adulto;Bajo;Bajo;16.18;0;1;0;-1.87;-1.82;Destination_00;3.12;4.03;.06;1.06
Agent_0016;Adulto;Bajo;Bajo;16.18;0;1;0;-1.59;-2.71;Destination_00;1.87;3.01;.00;1.00
Agent_0017;Adulto;Bajo;Bajo;16.18;1;0;0;2.11;-3.35;Destination_00;.00;4.83;.00;1.00
Agent_0018;Adulto;Bajo;Bajo;16.18;1;0;0;-3.93;.30;Destination_00;.00;6.73;.00;1.00
Agent_0019;Adulto;Bajo;Bajo;16.18;0;1;0;-2.34;-1.69;Destination_00;2.64;3.97;.00;1.00
Agent_0020;Adulto;Bajo;Bajo;16.18;0;1;0;-2.94;2.98;Destination_00;.30;8.79;.00;1.00
Agent_0022;Adulto;Bajo;Bajo;16.18;0;1;0;-2.62;-.54;Destination_00;2.23;5.24;.00;1.00
Agent_0023;Adulto;Bajo;Bajo;16.18;0;1;0;.71;-2.52;Destination_00;3.37;1.71;.00;1.00
Agent_0024;Adulto;Bajo;Bajo;16.18;0;1;0;-2.13;-2.15;Destination_00;2.70;3.53;.00;1.00
Agent_0025;Adulto;Bajo;Bajo;16.18;1;0;0;-1.30;.10;Destination_00;.00;6.56;.00;1.00
Agent_0026;Adulto;Bajo;Bajo;16.18;1;0;0;-.45;-2.51;Destination_00;3.42;1.82;.00;1.00
Agent_0027;Adulto;Bajo;Bajo;16.18;0;1;0;-1.26;-1.61;Destination_00;.05;2.98;.00;1.00
Agent_0028;Adulto;Bajo;Bajo;16.18;1;0;0;-3.97;1.13;Destination_00;.00;8.81;.00;1.00
Agent_0029;Adulto;Bajo;Bajo;16.18;1;0;0;-2.11;.88;Destination_00;.00;7.30;.00;1.00
Agent_0031;Adulto;Bajo;Bajo;16.18;1;0;0;-.05;-2.80;Destination_00;2.88;1.27;.00;1.00
Agent_0032;Adulto;Bajo;Bajo;16.18;0;1;0;.70;-1.71;Destination_00;.09;2.49;.00;1.00
Agent_0033;Adulto;Bajo;Bajo;16.18;1;0;0;-1.06;-2.34;Destination_00;3.32;2.46;.00;1.00
Agent_0034;Adulto;Bajo;Bajo;16.18;1;0;0;1.25;-3.47;Destination_00;.00;3.19;.00;1.00
Agent_0035;Adulto;Bajo;Bajo;16.18;0;1;0;-.02;-3.30;Destination_00;2.59;.78;.00;1.00
Agent_0009;Adulto;Bajo;Bajo;16.18;0;0;1;.33;-3.65;Destination_00;4.70;.42;.00;1.00
Agent_0035;Adulto;Bajo;Bajo;16.18;0;0;1;.05;-3.61;Destination_00;2.92;.45;.00;1.00
Agent_0031;Adulto;Bajo;Bajo;16.18;0;0;1;.10;-3.61;Destination_00;3.71;.44;.00;1.00
Agent_0007;Adulto;Bajo;Bajo;17.18;0;1;0;.43;-2.83;Destination_00;2.60;1.24;.00;1.00
Agent_0008;Adulto;Bajo;Bajo;17.18;0;1;0;-2.18;-1.74;Destination_00;2.26;3.80;.00;1.00
Agent_0010;Adulto;Bajo;Bajo;17.18;0;1;0;-.70;-2.34;Destination_00;4.27;2.11;.00;1.00
Agent_0012;Adulto;Bajo;Bajo;17.18;1;0;0;-4.04;-2.87;Destination_00;.00;5.79;.00;1.00
Agent_0013;Adulto;Bajo;Bajo;17.18;0;1;0;-.36;.43;Destination_00;2.21;4.51;.00;1.00
Agent_0014;Adulto;Bajo;Bajo;17.18;1;0;0;-4.07;-.59;Destination_00;.00;6.57;.00;1.00
Agent_0015;Adulto;Bajo;Bajo;17.18;0;1;0;-1.32;-1.75;Destination_00;3.89;2.94;.05;1.04
Agent_0016;Adulto;Bajo;Bajo;17.18;0;1;0;-1.11;-2.57;Destination_00;2.46;2.50;.00;1.00
Agent_0017;Adulto;Bajo;Bajo;17.18;1;0;0;2.11;-3.35;Destination_00;.00;4.83;.00;1.00
Agent_0018;Adulto;Bajo;Bajo;17.18;1;0;0;-3.93;.30;Destination_00;.00;6.73;.00;1.00
Agent_0019;Adulto;Bajo;Bajo;17.18;0;1;0;-1.75;-1.91;Destination_00;3.40;3.24;.00;1.00
Agent_0020;Adulto;Bajo;Bajo;17.18;0;1;0;-2.79;1.99;Destination_00;1.31;7.78;.00;1.00
Agent_0022;Adulto;Bajo;Bajo;17.18;0;1;0;-2.56;-1.48;Destination_00;3.18;4.28;.00;1.00
Agent_0023;Adulto;Bajo;Bajo;17.18;0;1;0;.39;-3.36;Destination_00;4.40;.72;.00;1.00
Agent_0024;Adulto;Bajo;Bajo;17.18;0;1;0;-1.31;-2.18;Destination_00;3.62;2.73;.00;1.00
Agent_0025;Adulto;Bajo;Bajo;17.18;0;1;0;-1.62;-.05;Destination_00;.34;6.22;.00;1.00
Agent_0026;Adulto;Bajo;Bajo;17.18;1;0;0;-.06;-3.19;Destination_00;4.37;.88;.00;1.00
Agent_0027;Adulto;Bajo;Bajo;17.18;0;1;0;-.49;-1.95;Destination_00;.94;2.22;.00;1.00
Agent_0028;Adulto;Bajo;Bajo;17.18;0;1;0;-3.98;1.15;Destination_00;.01;8.80;.00;1.00
Agent_0029;Adulto;Bajo;Bajo;17.18;1;0;0;-2.11;.88;Destination_00;.00;7.30;.00;1.00
Agent_0032;Adulto;Bajo;Bajo;17.18;0;1;0;.56;-2.39;Destination_00;.83;1.70;.00;1.00
Agent_0033;Adulto;Bajo;Bajo;17.18;0;1;0;-.14;-2.63;Destination_00;4.33;1.44;.00;1.00
Agent_0034;Adulto;Bajo;Bajo;17.18;1;0;0;1.25;-3.47;Destination_00;.00;3.19;.00;1.00
Agent_0023;Adulto;Bajo;Bajo;17.18;0;0;1;.37;-3.64;Destination_00;4.68;.45;.00;1.00
Agent_0026;Adulto;Bajo;Bajo;17.18;0;0;1;.01;-3.63;Destination_00;4.82;.44;.00;1.00
Agent_0007;Adulto;Bajo;Bajo;17.18;0;0;1;.32;-3.66;Destination_00;3.44;.41;.00;1.00
Agent_0008;Adulto;Bajo;Bajo;18.19;0;1;0;-1.46;-2.17;Destination_00;3.16;2.88;.00;1.00
Agent_0010;Adulto;Bajo;Bajo;18.19;0;1;0;-.02;-3.09;Destination_00;5.42;.97;.00;1.00
Agent_0012;Adulto;Bajo;Bajo;18.19;1;0;0;-4.04;-2.87;Destination_00;.00;5.79;.00;1.00
Agent_0013;Adulto;Bajo;Bajo;18.19;0;1;0;-.30;-.58;Destination_00;3.23;3.49;.00;1.00
Agent_0014;Adulto;Bajo;Bajo;18.19;1;0;0;-4.07;-.59;Destination_00;.00;6.57;.00;1.00
Agent_0015;Adulto;Bajo;Bajo;18.19;0;1;0;-.62;-1.97;Destination_00;4.70;2.27;.29;1.26
Agent_0016;Adulto;Bajo;Bajo;18.19;0;1;0;-.18;-2.57;Destination_00;3.43;1.51;.00;1.00
Agent_0017;Adulto;Bajo;Bajo;18.19;0;1;0;2.40;-3.13;Destination_00;.36;4.44;.00;1.00
Agent_0018;Adulto;Bajo;Bajo;18.19;1;0;0;-3.93;.30;Destination_00;.00;6.73;.00;1.00
Agent_0019;Adulto;Bajo;Bajo;18.19;0;1;0;-1.01;-2.21;Destination_00;4.21;2.44;.00;1.00
Agent_0020;Adulto;Bajo;Bajo;18.19;0;1;0;-2.75;1.12;Destination_00;2.20;6.90;.00;1.00
Agent_0022;Adulto;Bajo;Bajo;18.19;0;1;0;-2.02;-2.02;Destination_00;4.00;3.46;.00;1.00
Agent_0024;Adulto;Bajo;Bajo;18.19;0;1;0;-.60;-2.41;Destination_00;4.44;1.99;.00;1.00
Agent_0025;Adulto;Bajo;Bajo;18.19;0;1;0;-2.39;-.56;Destination_00;1.27;5.28;.00;1.00
Agent_0027;Adulto;Bajo;Bajo;18.19;0;1;0;.23;-2.42;Destination_00;1.87;1.61;.00;1.00
Agent_0028;Adulto;Bajo;Bajo;18.19;0;1;0;-3.58;1.55;Destination_00;.81;7.96;.00;1.00
Agent_0029;Adulto;Bajo;Bajo;18.19;0;1;0;-2.53;.73;Destination_00;.75;6.50;.00;1.00
Agent_0032;Adulto;Bajo;Bajo;18.19;0;1;0;.38;-3.35;Destination_00;1.83;.72;.00;1.00
Agent_0033;Adulto;Bajo;Bajo;18.19;0;1;0;.00;-3.60;Destination_00;5.31;.48;.00;1.00
Agent_0034;Adulto;Bajo;Bajo;18.19;0;1;0;1.21;-3.27;Destination_00;.19;3.00;.00;1.00
Agent_0033;Adulto;Bajo;Bajo;18.19;0;0;1;.02;-3.68;Destination_00;5.40;.39;.00;1.00
Agent_0032;Adulto;Bajo;Bajo;18.19;0;0;1;.35;-3.66;Destination_00;2.15;.42;.00;1.00
Agent_0010;Adulto;Bajo;Bajo;18.19;0;0;1;.07;-3.64;Destination_00;5.97;.42;.00;1.00
Agent_0016;Adulto;Bajo;Bajo;18.19;0;0;1;.11;-3.63;Destination_00;4.57;.42;.00;1.00
Agent_0008;Adulto;Bajo;Bajo;19.20;0;1;0;-.68;-2.41;Destination_00;3.97;2.06;.00;1.00
Agent_0012;Adulto;Bajo;Bajo;19.20;0;1;0;-3.99;-3.05;Destination_00;.18;5.62;.00;1.00
Agent_0013;Adulto;Bajo;Bajo;19.20;0;1;0;-.20;-1.49;Destination_00;4.14;2.58;.00;1.00
Agent_0014;Adulto;Bajo;Bajo;19.20;0;1;0;-3.90;-.31;Destination_00;.33;6.17;.00;1.00
Agent_0015;Adulto;Bajo;Bajo;19.20;0;1;0;.14;-2.78;Destination_00;5.88;1.26;.64;1.58
Agent_0017;Adulto;Bajo;Bajo;19.20;0;1;0;2.35;-2.35;Destination_00;1.24;3.54;.00;1.00
Agent_0018;Adulto;Bajo;Bajo;19.20;0;1;0;-3.96;.14;Destination_00;.16;6.57;.00;1.00
Agent_0019;Adulto;Bajo;Bajo;19.20;0;1;0;-.24;-2.54;Destination_00;5.08;1.61;.00;1.00
Agent_0020;Adulto;Bajo;Bajo;19.20;0;1;0;-2.68;.30;Destination_00;3.02;6.07;.00;1.00
Agent_0022;Adulto;Bajo;Bajo;19.20;0;1;0;-1.12;-2.29;Destination_00;4.94;2.51;.00;1.00
Agent_0024;Adulto;Bajo;Bajo;19.20;0;1;0;-.04;-3.18;Destination_00;5.55;.89;.00;1.00
Agent_0025;Adulto;Bajo;Bajo;19.20;0;1;0;-2.58;-1.38;Destination_00;2.14;4.39;.00;1.00
Agent_0027;Adulto;Bajo;Bajo;19.20;0;1;0;.41;-3.27;Destination_00;2.83;.80;.00;1.00
Agent_0028;Adulto;Bajo;Bajo;19.20;0;1;0;-2.80;1.25;Destination_00;1.69;7.08;.00;1.00
Agent_0029;Adulto;Bajo;Bajo;19.20;0;1;0;-2.55;-.24;Destination_00;1.71;5.53;.00;1.00
Agent_0034;Adulto;Bajo;Bajo;19.20;0;1;0;1.04;-2.40;Destination_00;1.07;2.11;.00;1.00
Agent_0027;Adulto;Bajo;Bajo;19.20;0;0;1;.38;-3.67;Destination_00;3.23;.43;.00;1.00
Agent_0024;Adulto;Bajo;Bajo;19.20;0;0;1;-.05;-3.70;Destination_00;6.08;.42;.00;1.00
Agent_0015;Adulto;Bajo;Bajo;19.20;0;0;1;.19;-3.67;Destination_00;6.77;.38;1.00;1.90
Agent_0008;Adulto;Bajo;Bajo;20.21;0;1;0;-.06;-3.02;Destination_00;4.98;1.04;.00;1.00
Agent_0012;Adulto;Bajo;Bajo;20.21;0;1;0;-3.16;-3.18;Destination_00;1.14;4.64;.00;1.00
Agent_0013;Adulto;Bajo;Bajo;20.21;0;1;0;.10;-2.41;Destination_00;5.15;1.63;.00;1.00
Agent_0014;Adulto;Bajo;Bajo;20.21;0;1;0;-3.26;-.76;Destination_00;1.19;5.27;.00;1.00
Agent_0017;Adulto;Bajo;Bajo;20.21;0;1;0;1.51;-2.13;Destination_00;2.15;2.62;.00;1.00
Agent_0018;Adulto;Bajo;Bajo;20.21;0;1;0;-3.70;-.25;Destination_00;.80;5.94;.00;1.00
Agent_0019;Adulto;Bajo;Bajo;20.21;0;1;0;.07;-3.49;Destination_00;6.13;.56;.00;1.00
Agent_0020;Adulto;Bajo;Bajo;20.21;0;1;0;-2.62;-.71;Destination_00;4.03;5.06;.00;1.00
Agent_0022;Adulto;Bajo;Bajo;20.21;0;1;0;-.35;-2.54;Destination_00;5.77;1.70;.00;1.00
Agent_0025;Adulto;Bajo;Bajo;20.21;0;1;0;-2.09;-2.00;Destination_00;2.99;3.53;.00;1.00
Agent_0028;Adulto;Bajo;Bajo;20.21;0;1;0;-2.65;.39;Destination_00;2.59;6.16;.00;1.00
Agent_0029;Adulto;Bajo;Bajo;20.21;0;1;0;-2.57;-1.26;Destination_00;2.73;4.52;.00;1.00
Agent_0034;Adulto;Bajo;Bajo;20.21;0;1;0;.40;-2.97;Destination_00;2.08;1.09;.00;1.00
Agent_0019;Adulto;Bajo;Bajo;20.21;0;0;1;.10;-3.61;Destination_00;6.25;.44;.00;1.00
Agent_0008;Adulto;Bajo;Bajo;20.21;0;0;1;-.04;-3.70;Destination_00;5.67;.40;.00;1.00
Agent_0034;Adulto;Bajo;Bajo;20.21;0;0;1;.38;-3.66;Destination_00;2.77;.44;.00;1.00
Agent_0012;Adulto;Bajo;Bajo;21.21;0;1;0;-2.24;-2.90;Destination_00;2.10;3.68;.00;1.00
Agent_0013;Adulto;Bajo;Bajo;21.21;0;1;0;.27;-3.46;Destination_00;6.25;.59;.00;1.00
Agent_0014;Adulto;Bajo;Bajo;21.21;0;1;0;-2.80;-1.35;Destination_00;1.98;4.52;.00;1.00
Agent_0017;Adulto;Bajo;Bajo;21.21;0;1;0;.70;-2.49;Destination_00;3.05;1.71;.00;1.00
Agent_0018;Adulto;Bajo;Bajo;21.21;0;1;0;-3.08;-.96;Destination_00;1.75;4.99;.00;1.00
Agent_0020;Adulto;Bajo;Bajo;21.21;0;1;0;-2.43;-1.62;Destination_00;5.00;4.15;.00;1.00
Agent_0022;Adulto;Bajo;Bajo;21.21;0;1;0;-.04;-3.08;Destination_00;6.49;.98;.00;1.00
Agent_0025;Adulto;Bajo;Bajo;21.21;0;1;0;-1.18;-2.27;Destination_00;3.93;2.58;.00;1.00
Agent_0028;Adulto;Bajo;Bajo;21.21;0;1;0;-2.61;-.61;Destination_00;3.59;5.16;.00;1.00
Agent_0029;Adulto;Bajo;Bajo;21.21;0;1;0;-2.11;-1.99;Destination_00;3.67;3.55;.00;1.00
Agent_0013;Adulto;Bajo;Bajo;21.21;0;0;1;.25;-3.60;Destination_00;6.40;.45;.00;1.00
Agent_0022;Adulto;Bajo;Bajo;21.21;0;0;1;.08;-3.62;Destination_00;7.04;.43;.00;1.00
Agent_0012;Adulto;Bajo;Bajo;22.23;0;1;0;-1.31;-2.65;Destination_00;3.07;2.72;.00;1.00
Agent_0014;Adulto;Bajo;Bajo;22.23;0;1;0;-2.22;-1.88;Destination_00;2.81;3.76;.00;1.00
Agent_0017;Adulto;Bajo;Bajo;22.23;0;1;0;.31;-3.36;Destination_00;4.07;.70;.00;1.00
Agent_0018;Adulto;Bajo;Bajo;22.23;0;1;0;-2.69;-1.79;Destination_00;2.70;4.17;.00;1.00
Agent_0020;Adulto;Bajo;Bajo;22.23;0;1;0;-1.75;-2.11;Destination_00;5.91;3.17;.00;1.00
Agent_0025;Adulto;Bajo;Bajo;22.23;0;1;0;-.21;-2.56;Destination_00;4.95;1.57;.00;1.00
Agent_0028;Adulto;Bajo;Bajo;22.23;0;1;0;-2.53;-1.37;Destination_00;4.38;4.40;.00;1.00
Agent_0029;Adulto;Bajo;Bajo;22.23;0;1;0;-1.15;-2.22;Destination_00;4.66;2.57;.00;1.00
Agent_0017;Adulto;Bajo;Bajo;22.23;0;0;1;.26;-3.62;Destination_00;4.33;.43;.00;1.00
Agent_0012;Adulto;Bajo;Bajo;23.24;0;1;0;-.50;-2.52;Destination_00;3.91;1.88;.00;1.00
Agent_0014;Adulto;Bajo;Bajo;23.24;0;1;0;-1.34;-2.23;Destination_00;3.79;2.76;.00;1.00
Agent_0018;Adulto;Bajo;Bajo;23.24;0;1;0;-1.82;-2.17;Destination_00;3.68;3.23;.00;1.00
Agent_0020;Adulto;Bajo;Bajo;23.24;0;1;0;-.88;-2.26;Destination_00;6.80;2.31;.00;1.00
Agent_0025;Adulto;Bajo;Bajo;23.24;0;1;0;.07;-3.49;Destination_00;5.96;.56;.00;1.00
Agent_0028;Adulto;Bajo;Bajo;23.24;0;1;0;-2.23;-1.96;Destination_00;5.08;3.69;.00;1.00
Agent_0029;Adulto;Bajo;Bajo;23.24;0;1;0;-.08;-2.64;Destination_00;5.87;1.42;.00;1.00
Agent_0025;Adulto;Bajo;Bajo;23.24;0;0;1;.09;-3.61;Destination_00;6.07;.44;.00;1.00
Agent_0029;Adulto;Bajo;Bajo;23.24;0;0;1;.12;-3.63;Destination_00;6.89;.41;.00;1.00
Agent_0012;Adulto;Bajo;Bajo;24.25;0;1;0;.03;-3.24;Destination_00;4.98;.81;.00;1.00
Agent_0014;Adulto;Bajo;Bajo;24.25;0;1;0;-.45;-2.49;Destination_00;4.73;1.82;.00;1.00
Agent_0018;Adulto;Bajo;Bajo;24.25;0;1;0;-.92;-2.40;Destination_00;4.61;2.30;.00;1.00
Agent_0020;Adulto;Bajo;Bajo;24.25;0;1;0;-.07;-2.77;Destination_00;7.82;1.30;.00;1.00
Agent_0028;Adulto;Bajo;Bajo;24.25;0;1;0;-1.35;-2.22;Destination_00;6.00;2.76;.00;1.00
Agent_0012;Adulto;Bajo;Bajo;24.25;0;0;1;.10;-3.61;Destination_00;5.35;.44;.00;1.00
Agent_0020;Adulto;Bajo;Bajo;24.25;0;0;1;.10;-3.62;Destination_00;8.68;.43;.00;1.00
Agent_0014;Adulto;Bajo;Bajo;25.27;0;1;0;.04;-3.28;Destination_00;5.78;.77;.00;1.00
Agent_0018;Adulto;Bajo;Bajo;25.27;0;1;0;-.07;-2.77;Destination_00;5.60;1.29;.00;1.00
Agent_0028;Adulto;Bajo;Bajo;25.27;0;1;0;-.44;-2.49;Destination_00;6.95;1.81;.00;1.00
Agent_0014;Adulto;Bajo;Bajo;25.27;0;0;1;.10;-3.61;Destination_00;6.11;.44;.00;1.00
Agent_0018;Adulto;Bajo;Bajo;25.27;0;0;1;.10;-3.62;Destination_00;6.47;.43;.00;1.00
Agent_0028;Adulto;Bajo;Bajo;26.28;0;1;0;.02;-3.26;Destination_00;7.96;.80;.00;1.00
Agent_0028;Adulto;Bajo;Bajo;26.28;0;0;1;.09;-3.63;Destination_00;8.34;.42;.00;1.00
