Variable;Value
camVeilColor_a;127
refreshTime;0.3
creationGizmoSize;0.04
creationGuizmoColor_r;33
creationGuizmoColor_g;150
creationGuizmoColor_b;243
creationGuizmoColor_a;255
editionGizmoSize;0.05
editionGuizmoColor_r;255
editionGuizmoColor_g;152
editionGuizmoColor_b;0
editionGuizmoColor_a;255
interfaceMsgSize;16
interfaceMsgColor_r;0
interfaceMsgColor_g;0
interfaceMsgColor_b;200
interfaceMsgColor_a;255
wallColor_r;33
wallColor_g;33
wallColor_b;33
wallColor_a;255
furnitureColor_r;170
furnitureColor_g;170
furnitureColor_b;170
furnitureColor_a;170
destinationColor_r;10
destinationColor_g;120
destinationColor_b;210
destinationColor_a;127
gridSize;0.02
waypointWidth;0.45
waypointGapToWall;0.05
waypointColor_r;30
waypointColor_g;210
waypointColor_b;50
waypointColor_a;31
arcWidth;0.01
arcColor_r;30
arcColor_g;210
arcColor_b;50
arcColor_a;255
exportRate;1
minInitialReactionTime;2
maxInitialReactionTime;15
agentColor_r;10
agentColor_g;60
agentColor_b;160
agentColor_a;255
agentZoneColor_r;10
agentZoneColor_g;60
agentZoneColor_b;160
agentZoneColor_a;127
preferedSideAngle;30
preferedSideLeft;0
minChildAgentSize;0.4
minAdultAgentSize;0.45
minElderAgentSize;0.46
maxChildAgentSize;0.42
maxAdultAgentSize;0.52
maxElderAgentSize;0.48
calmChildAgentSpeed;0.8
calmAdultAgentSpeed;1
calmElderAgentSpeed;0.6
maxChildAgentSpeed;1.2
maxAdultAgentSpeed;1.9
maxElderAgentSpeed;0.9
untrainedMaxEvacuationTimeFactor;2
trainedMaxEvacuationTimeFactor;3